TEAM,SEASON,MATCH_DATE,GOALS_FOR,AVG_5_GOAL_PER_MATCH
Atalanta,2021,2020-12-23,2,2.000
Atalanta,2021,2021-03-12,3,2.800
Atalanta,2021,2020-12-20,4,1.600
Atalanta,2021,2020-12-16,1,1.000
Atalanta,2021,2020-12-13,3,1.200
Atalanta,2021,2020-11-28,0,0.800
Atalanta,2021,2020-11-21,0,1.000
Atalanta,2021,2021-01-20,1,2.600
Atalanta,2021,2021-01-06,3,3.000
Atalanta,2021,2021-03-08,0,2.400
Atalanta,2021,2021-04-18,1,2.400
Atalanta,2021,2021-01-03,5,3.000
Atalanta,2021,2021-01-17,0,2.800
Atalanta,2021,2021-01-23,3,2.200
Atalanta,2021,2021-01-31,1,1.800
Atalanta,2021,2021-02-06,3,1.600
Atalanta,2021,2020-10-31,2,2.600
Atalanta,2021,2021-04-11,3,2.200
Atalanta,2021,2021-03-21,2,2.400
Atalanta,2021,2021-01-09,4,3.600
Atalanta,2021,2021-03-03,5,3.000
Atalanta,2021,2021-02-28,2,2.200
Atalanta,2021,2021-02-21,4,2.400
Atalanta,2021,2021-02-14,1,1.800
Atalanta,2021,2020-11-08,1,2.000
Atalanta,2021,2021-04-03,3,2.600
Atalanta,2021,2020-09-26,4,4.000
Atalanta,2021,2020-09-30,4,4.000
Atalanta,2021,2020-10-04,5,4.333
Atalanta,2021,2020-10-17,1,3.500
Atalanta,2021,2020-10-24,1,3.000
Atalanta,2021,2021-05-23,0,2.400
Atalanta,2021,2021-05-15,4,3.400
Atalanta,2021,2021-05-12,2,2.800
Atalanta,2021,2021-05-09,5,2.600
Atalanta,2021,2021-05-02,1,2.200
Atalanta,2021,2021-04-25,5,2.600
Atalanta,2021,2021-04-22,1,2.000
Benevento,2021,2021-03-13,1,0.400
Benevento,2021,2021-01-22,2,1.200
Benevento,2021,2021-01-30,0,1.200
Benevento,2021,2021-02-07,1,1.000
Benevento,2021,2021-02-12,1,1.000
Benevento,2021,2021-02-21,0,0.800
Benevento,2021,2021-02-28,0,0.400
Benevento,2021,2021-03-03,0,0.400
Benevento,2021,2021-03-06,1,0.400
Benevento,2021,2021-04-03,2,1.000
Benevento,2021,2021-01-17,1,1.200
Benevento,2021,2021-05-16,1,0.800
Benevento,2021,2021-05-12,0,1.000
Benevento,2021,2021-05-09,1,1.600
Benevento,2021,2021-05-01,0,1.400
Benevento,2021,2021-04-25,2,1.800
Benevento,2021,2021-04-21,2,1.600
Benevento,2021,2021-04-18,3,1.400
Benevento,2021,2021-04-12,0,1.000
Benevento,2021,2020-12-06,0,0.600
Benevento,2021,2021-03-21,1,0.600
Benevento,2021,2021-01-03,0,1.000
Benevento,2021,2020-10-04,1,2.000
Benevento,2021,2020-10-18,2,2.000
Benevento,2021,2020-10-25,1,1.800
Benevento,2021,2020-11-02,1,1.400
Benevento,2021,2020-11-07,0,1.000
Benevento,2021,2020-11-22,1,1.000
Benevento,2021,2020-11-28,1,0.800
Benevento,2021,2020-09-26,3,3.000
Benevento,2021,2020-12-11,0,0.400
Benevento,2021,2020-12-15,1,0.600
Benevento,2021,2020-12-20,2,0.800
Benevento,2021,2020-12-23,2,1.000
Benevento,2021,2020-09-30,2,2.500
Benevento,2021,2021-05-23,1,0.600
Benevento,2021,2021-01-06,2,1.400
Benevento,2021,2021-01-09,1,1.400
Bologna,2021,2021-01-30,1,0.800
Bologna,2021,2020-11-22,2,1.800
Bologna,2021,2021-03-20,3,1.800
Bologna,2021,2021-03-14,3,1.400
Bologna,2021,2021-03-07,1,1.000
Bologna,2021,2021-03-03,0,1.400
Bologna,2021,2021-02-27,2,1.600
Bologna,2021,2021-02-20,1,1.200
Bologna,2021,2021-05-12,0,1.000
Bologna,2021,2021-02-07,3,1.000
Bologna,2021,2021-01-09,0,1.000
Bologna,2021,2021-01-24,0,0.600
Bologna,2021,2021-01-16,1,1.000
Bologna,2021,2021-02-12,1,1.200
Bologna,2021,2021-05-02,3,1.600
Bologna,2021,2021-04-25,0,1.000
Bologna,2021,2021-04-21,1,1.600
Bologna,2021,2021-05-17,2,1.200
Bologna,2021,2021-05-23,1,1.400
Bologna,2021,2020-12-05,1,1.400
Bologna,2021,2020-09-21,0,0.000
Bologna,2021,2020-09-28,4,2.000
Bologna,2021,2020-10-04,0,1.333
Bologna,2021,2020-10-18,3,1.750
Bologna,2021,2020-10-24,1,1.600
Bologna,2021,2020-10-31,3,2.200
Bologna,2021,2020-11-08,0,1.400
Bologna,2021,2021-04-03,0,1.400
Bologna,2021,2020-11-29,1,1.400
Bologna,2021,2021-05-08,1,1.800
Bologna,2021,2020-12-13,1,1.000
Bologna,2021,2020-12-16,2,1.400
Bologna,2021,2020-12-20,1,1.200
Bologna,2021,2020-12-23,2,1.400
Bologna,2021,2021-01-03,0,1.200
Bologna,2021,2021-01-06,2,1.400
Bologna,2021,2021-04-18,4,2.000
Bologna,2021,2021-04-11,0,1.400
Cagliari,2021,2021-02-07,0,0.200
Cagliari,2021,2021-03-07,2,1.000
Cagliari,2021,2021-03-03,1,0.600
Cagliari,2021,2021-02-28,2,0.600
Cagliari,2021,2021-02-19,0,0.200
Cagliari,2021,2021-04-03,0,1.000
Cagliari,2021,2021-04-11,0,0.800
Cagliari,2021,2021-04-17,4,1.200
Cagliari,2021,2021-01-18,0,0.800
Cagliari,2021,2021-02-14,0,0.200
Cagliari,2021,2021-03-20,1,1.400
Cagliari,2021,2021-01-31,1,0.400
Cagliari,2021,2021-01-24,0,0.400
Cagliari,2021,2021-04-21,1,1.200
Cagliari,2021,2021-01-10,0,1.000
Cagliari,2021,2021-01-06,1,1.000
Cagliari,2021,2021-01-03,1,1.000
Cagliari,2021,2020-12-16,0,0.800
Cagliari,2021,2020-12-23,2,1.000
Cagliari,2021,2020-10-18,3,1.500
Cagliari,2021,2020-11-21,0,2.200
Cagliari,2021,2020-12-06,1,1.400
Cagliari,2021,2020-11-29,2,2.000
Cagliari,2021,2020-11-07,2,2.600
Cagliari,2021,2020-10-31,2,2.200
Cagliari,2021,2020-10-25,4,2.000
Cagliari,2021,2020-09-20,1,1.000
Cagliari,2021,2020-09-26,0,0.500
Cagliari,2021,2020-10-04,2,1.000
Cagliari,2021,2020-12-13,1,1.200
Cagliari,2021,2021-04-25,3,1.600
Cagliari,2021,2021-05-02,1,1.800
Cagliari,2021,2021-05-09,3,2.400
Cagliari,2021,2021-05-12,0,1.600
Cagliari,2021,2021-05-22,0,0.800
Cagliari,2021,2021-05-16,0,1.400
Cagliari,2021,2020-12-20,1,1.000
Cagliari,2021,2021-03-14,1,1.200
Crotone,2021,2021-04-21,0,1.600
Crotone,2021,2020-12-15,0,0.800
Crotone,2021,2021-05-22,0,0.600
Crotone,2021,2021-05-16,1,1.400
Crotone,2021,2021-02-22,0,0.400
Crotone,2021,2020-12-19,1,1.000
Crotone,2021,2020-12-22,2,1.400
Crotone,2021,2021-05-13,2,1.200
Crotone,2021,2021-05-01,0,1.400
Crotone,2021,2021-04-24,4,2.000
Crotone,2021,2020-12-06,0,0.200
Crotone,2021,2021-04-17,1,2.000
Crotone,2021,2021-04-10,2,2.600
Crotone,2021,2021-04-03,3,2.400
Crotone,2021,2021-03-20,2,1.800
Crotone,2021,2021-03-12,2,1.400
Crotone,2021,2021-03-07,4,1.200
Crotone,2021,2021-03-03,1,0.400
Crotone,2021,2021-02-28,0,0.200
Crotone,2021,2020-10-17,1,0.750
Crotone,2021,2021-01-06,1,1.200
Crotone,2021,2021-01-10,1,1.400
Crotone,2021,2021-01-17,4,2.000
Crotone,2021,2021-01-23,1,1.800
Crotone,2021,2021-01-31,0,1.400
Crotone,2021,2021-02-07,0,1.200
Crotone,2021,2021-02-14,1,1.200
Crotone,2021,2020-11-08,0,1.000
Crotone,2021,2020-11-29,0,0.600
Crotone,2021,2021-05-09,0,1.000
Crotone,2021,2020-10-03,1,0.666
Crotone,2021,2020-09-27,0,0.500
Crotone,2021,2020-09-20,1,1.000
Crotone,2021,2020-12-12,4,0.800
Crotone,2021,2020-10-31,1,1.000
Crotone,2021,2020-10-25,2,1.000
Crotone,2021,2020-11-21,0,0.800
Crotone,2021,2021-01-03,2,1.800
Fiorentina,2021,2020-12-19,1,0.600
Fiorentina,2021,2021-05-12,0,1.600
Fiorentina,2021,2021-05-08,2,1.800
Fiorentina,2021,2020-09-19,1,1.000
Fiorentina,2021,2021-04-25,1,1.400
Fiorentina,2021,2021-04-20,2,1.600
Fiorentina,2021,2020-12-16,1,0.400
Fiorentina,2021,2021-04-11,2,2.400
Fiorentina,2021,2021-04-03,1,2.200
Fiorentina,2021,2021-03-13,4,2.200
Fiorentina,2021,2021-05-16,0,1.200
Fiorentina,2021,2020-12-22,3,1.200
Fiorentina,2021,2021-01-03,0,1.000
Fiorentina,2021,2021-01-06,1,1.200
Fiorentina,2021,2021-01-10,1,1.200
Fiorentina,2021,2021-01-17,0,1.000
Fiorentina,2021,2021-01-29,1,1.000
Fiorentina,2021,2021-03-07,3,1.600
Fiorentina,2021,2021-03-21,2,2.000
Fiorentina,2021,2021-03-03,1,1.000
Fiorentina,2021,2021-05-22,0,1.000
Fiorentina,2021,2020-12-07,1,0.200
Fiorentina,2021,2020-11-29,0,0.600
Fiorentina,2021,2020-11-07,0,1.200
Fiorentina,2021,2020-11-01,0,1.800
Fiorentina,2021,2020-10-25,3,2.000
Fiorentina,2021,2020-10-18,2,1.750
Fiorentina,2021,2020-10-02,1,1.666
Fiorentina,2021,2020-09-26,3,2.000
Fiorentina,2021,2020-12-13,0,0.200
Fiorentina,2021,2021-02-28,0,1.000
Fiorentina,2021,2021-02-19,3,1.400
Fiorentina,2021,2020-11-22,0,1.000
Fiorentina,2021,2021-02-14,1,0.800
Fiorentina,2021,2021-02-05,0,0.800
Fiorentina,2021,2021-01-23,2,0.800
Fiorentina,2021,2021-05-02,3,1.800
Fiorentina,2021,2021-04-17,1,2.000
Genoa,2021,2020-12-20,0,1.000
Genoa,2021,2020-11-08,1,0.600
Genoa,2021,2020-11-04,1,0.400
Genoa,2021,2021-01-31,3,1.400
Genoa,2021,2021-01-24,1,1.000
Genoa,2021,2021-01-17,0,1.200
Genoa,2021,2021-01-09,2,1.200
Genoa,2021,2021-01-06,1,1.200
Genoa,2021,2021-01-03,1,1.200
Genoa,2021,2020-12-23,2,1.200
Genoa,2021,2020-10-24,0,1.000
Genoa,2021,2020-12-16,2,1.000
Genoa,2021,2020-09-27,0,2.000
Genoa,2021,2020-10-19,0,1.333
Genoa,2021,2020-09-20,4,4.000
Genoa,2021,2020-11-01,1,1.000
Genoa,2021,2020-12-13,1,0.800
Genoa,2021,2020-11-30,1,0.800
Genoa,2021,2020-12-07,1,0.800
Genoa,2021,2021-04-03,1,1.000
Genoa,2021,2021-05-12,2,2.000
Genoa,2021,2021-02-06,2,1.600
Genoa,2021,2021-05-02,3,1.800
Genoa,2021,2021-04-24,2,1.400
Genoa,2021,2021-04-21,2,1.400
Genoa,2021,2021-04-18,1,1.200
Genoa,2021,2021-04-11,1,1.000
Genoa,2021,2021-05-22,1,2.000
Genoa,2021,2020-11-22,0,0.600
Genoa,2021,2021-05-15,3,2.200
Genoa,2021,2021-03-19,2,0.800
Genoa,2021,2021-03-13,1,0.800
Genoa,2021,2021-03-07,0,0.600
Genoa,2021,2021-03-03,1,1.000
Genoa,2021,2021-02-28,0,1.400
Genoa,2021,2021-02-20,2,1.600
Genoa,2021,2021-02-13,0,1.200
Genoa,2021,2021-05-09,1,1.800
Hellas Verona,2021,2021-01-31,1,1.400
Hellas Verona,2021,2021-05-17,2,1.000
Hellas Verona,2021,2021-05-13,1,0.800
Hellas Verona,2021,2020-12-12,2,1.400
Hellas Verona,2021,2020-11-28,2,1.600
Hellas Verona,2021,2021-02-27,1,1.200
Hellas Verona,2021,2021-03-03,3,1.600
Hellas Verona,2021,2021-03-07,0,1.600
Hellas Verona,2021,2021-02-15,2,1.200
Hellas Verona,2021,2021-02-07,0,1.200
Hellas Verona,2021,2021-05-23,1,1.200
Hellas Verona,2021,2021-01-24,3,1.400
Hellas Verona,2021,2021-01-16,0,1.000
Hellas Verona,2021,2021-01-10,2,1.200
Hellas Verona,2021,2021-01-06,1,1.000
Hellas Verona,2021,2021-01-03,1,1.200
Hellas Verona,2021,2020-12-19,1,1.400
Hellas Verona,2021,2020-12-16,1,1.200
Hellas Verona,2021,2020-12-06,1,1.600
Hellas Verona,2021,2021-03-13,2,1.600
Hellas Verona,2021,2020-11-08,2,1.200
Hellas Verona,2021,2021-02-20,2,1.600
Hellas Verona,2021,2020-11-02,3,1.000
Hellas Verona,2021,2020-10-25,1,1.000
Hellas Verona,2021,2020-10-19,0,1.000
Hellas Verona,2021,2020-10-04,0,1.333
Hellas Verona,2021,2020-09-27,1,2.000
Hellas Verona,2021,2020-09-19,3,3.000
Hellas Verona,2021,2020-12-23,1,1.200
Hellas Verona,2021,2020-11-22,0,1.200
Hellas Verona,2021,2021-03-21,0,1.200
Hellas Verona,2021,2021-04-03,2,1.400
Hellas Verona,2021,2021-04-11,0,0.800
Hellas Verona,2021,2021-04-17,1,1.000
Hellas Verona,2021,2021-04-20,1,0.800
Hellas Verona,2021,2021-04-25,0,0.800
Hellas Verona,2021,2021-05-01,1,0.600
Hellas Verona,2021,2021-05-09,1,0.800
Internazionale,2021,2021-04-18,1,1.400
Internazionale,2021,2021-01-17,2,2.600
Internazionale,2021,2021-01-23,0,2.200
Internazionale,2021,2021-01-30,4,1.800
Internazionale,2021,2021-02-05,2,2.000
Internazionale,2021,2021-02-14,3,2.200
Internazionale,2021,2021-02-21,3,2.400
Internazionale,2021,2021-05-12,3,2.400
Internazionale,2021,2021-04-25,1,1.200
Internazionale,2021,2021-04-21,1,1.200
Internazionale,2021,2021-01-10,2,2.600
Internazionale,2021,2021-04-11,1,1.400
Internazionale,2021,2021-04-07,2,1.600
Internazionale,2021,2021-04-03,1,1.800
Internazionale,2021,2021-03-14,2,2.200
Internazionale,2021,2021-03-08,1,2.400
Internazionale,2021,2020-12-16,1,2.800
Internazionale,2021,2021-02-28,3,3.000
Internazionale,2021,2021-05-08,5,2.000
Internazionale,2021,2020-09-26,4,4.000
Internazionale,2021,2021-05-15,2,2.600
Internazionale,2021,2020-10-24,2,2.600
Internazionale,2021,2020-10-31,2,2.200
Internazionale,2021,2020-11-08,1,1.400
Internazionale,2021,2020-11-22,4,2.000
Internazionale,2021,2020-11-28,3,2.400
Internazionale,2021,2020-12-05,3,2.600
Internazionale,2021,2020-12-13,3,2.800
Internazionale,2021,2020-09-30,5,4.500
Internazionale,2021,2020-10-17,1,2.750
Internazionale,2021,2021-05-23,5,3.400
Internazionale,2021,2020-10-04,1,3.333
Internazionale,2021,2021-05-01,2,1.200
Internazionale,2021,2021-03-04,2,2.600
Internazionale,2021,2020-12-20,2,2.400
Internazionale,2021,2020-12-23,2,2.200
Internazionale,2021,2021-01-03,6,2.800
Internazionale,2021,2021-01-06,1,2.400
Juventus,2021,2021-03-14,3,2.600
Juventus,2021,2021-05-23,4,2.400
Juventus,2021,2021-05-15,3,1.800
Juventus,2021,2021-05-12,3,1.800
Juventus,2021,2021-05-02,2,1.800
Juventus,2021,2021-02-06,2,1.800
Juventus,2021,2021-02-22,3,1.800
Juventus,2021,2021-02-27,1,1.600
Juventus,2021,2021-03-02,3,1.800
Juventus,2021,2021-03-06,3,2.000
Juventus,2021,2020-12-19,4,2.200
Juventus,2021,2020-12-22,0,2.000
Juventus,2021,2021-04-03,2,2.200
Juventus,2021,2021-04-07,2,2.000
Juventus,2021,2021-04-11,3,2.000
Juventus,2021,2021-04-18,0,1.400
Juventus,2021,2021-04-21,3,2.000
Juventus,2021,2021-04-25,1,1.800
Juventus,2021,2021-05-09,0,1.200
Juventus,2021,2020-10-17,1,2.000
Juventus,2021,2021-03-21,0,2.000
Juventus,2021,2021-01-03,4,2.400
Juventus,2021,2021-01-06,3,2.400
Juventus,2021,2021-01-10,3,2.800
Juventus,2021,2021-01-17,0,2.000
Juventus,2021,2021-01-24,2,2.400
Juventus,2021,2021-01-30,2,2.000
Juventus,2021,2021-02-13,0,1.200
Juventus,2021,2020-09-20,3,3.000
Juventus,2021,2020-09-27,2,2.500
Juventus,2021,2020-10-25,1,1.750
Juventus,2021,2020-11-01,4,2.200
Juventus,2021,2020-11-08,1,1.800
Juventus,2021,2020-11-21,2,1.800
Juventus,2021,2020-11-28,1,1.800
Juventus,2021,2020-12-05,2,2.000
Juventus,2021,2020-12-13,3,1.800
Juventus,2021,2020-12-16,1,1.800
Lazio,2021,2020-12-12,1,1.400
Lazio,2021,2021-02-07,1,2.200
Lazio,2021,2021-01-31,3,2.400
Lazio,2021,2020-09-26,2,2.000
Lazio,2021,2021-01-10,2,1.800
Lazio,2021,2021-01-06,2,1.600
Lazio,2021,2021-01-03,1,1.400
Lazio,2021,2021-04-03,2,1.400
Lazio,2021,2020-12-20,2,1.400
Lazio,2021,2020-12-15,1,1.400
Lazio,2021,2021-02-14,1,2.000
Lazio,2021,2020-12-05,2,2.000
Lazio,2021,2020-11-29,1,2.000
Lazio,2021,2020-11-21,2,1.800
Lazio,2021,2021-01-24,2,2.000
Lazio,2021,2020-11-01,4,1.600
Lazio,2021,2020-10-24,2,1.200
Lazio,2021,2020-10-17,0,1.000
Lazio,2021,2020-10-04,1,1.333
Lazio,2021,2021-04-26,3,2.600
Lazio,2021,2020-11-08,1,1.600
Lazio,2021,2021-04-18,5,2.400
Lazio,2021,2021-01-15,3,2.000
Lazio,2021,2021-05-23,0,0.200
Lazio,2021,2021-05-18,0,1.000
Lazio,2021,2021-05-15,0,1.600
Lazio,2021,2021-05-12,1,2.000
Lazio,2021,2021-05-08,0,2.800
Lazio,2021,2021-05-02,4,3.000
Lazio,2021,2020-12-23,2,1.600
Lazio,2021,2021-04-22,2,2.200
Lazio,2021,2020-09-30,1,1.500
Lazio,2021,2021-04-11,1,1.600
Lazio,2021,2021-03-21,1,1.200
Lazio,2021,2021-03-12,3,1.200
Lazio,2021,2021-03-06,1,0.800
Lazio,2021,2021-02-27,0,1.200
Lazio,2021,2021-02-20,1,1.600
Milan,2021,2021-04-21,1,2.000
Milan,2021,2020-11-29,2,2.400
Milan,2021,2020-12-06,2,2.200
Milan,2021,2020-12-13,2,2.200
Milan,2021,2020-12-16,2,2.200
Milan,2021,2020-12-20,2,2.000
Milan,2021,2020-12-23,3,2.200
Milan,2021,2021-05-09,3,1.600
Milan,2021,2021-05-01,2,1.600
Milan,2021,2021-04-26,0,1.400
Milan,2021,2020-09-27,2,2.000
Milan,2021,2021-04-18,2,1.800
Milan,2021,2021-04-10,3,1.800
Milan,2021,2021-04-03,1,1.400
Milan,2021,2021-03-21,3,1.600
Milan,2021,2021-03-14,0,1.000
Milan,2021,2021-03-07,2,1.000
Milan,2021,2021-03-03,1,1.400
Milan,2021,2020-10-04,3,2.333
Milan,2021,2020-09-21,2,2.000
Milan,2021,2021-05-23,2,2.800
Milan,2021,2021-05-16,0,2.400
Milan,2021,2021-05-12,7,2.600
Milan,2021,2021-01-03,2,2.200
Milan,2021,2021-01-06,1,2.000
Milan,2021,2021-01-09,2,2.000
Milan,2021,2021-01-18,2,2.000
Milan,2021,2021-01-23,0,1.400
Milan,2021,2021-01-30,2,1.400
Milan,2021,2021-02-21,0,1.200
Milan,2021,2020-11-22,3,2.400
Milan,2021,2021-02-13,0,1.600
Milan,2021,2021-02-07,4,2.000
Milan,2021,2021-02-28,2,1.600
Milan,2021,2020-10-17,2,2.250
Milan,2021,2020-10-26,3,2.400
Milan,2021,2020-11-01,2,2.400
Milan,2021,2020-11-08,2,2.400
Napoli,2021,2021-04-18,1,2.000
Napoli,2021,2021-03-03,3,1.800
Napoli,2021,2021-03-07,3,2.200
Napoli,2021,2021-03-14,1,2.200
Napoli,2021,2021-03-21,2,2.200
Napoli,2021,2021-01-03,4,1.400
Napoli,2021,2020-09-20,2,2.000
Napoli,2021,2020-09-27,6,4.000
Napoli,2021,2021-04-03,4,2.600
Napoli,2021,2021-04-11,2,2.000
Napoli,2021,2021-02-28,2,1.600
Napoli,2021,2021-04-22,5,2.600
Napoli,2021,2021-04-26,2,2.200
Napoli,2021,2020-11-22,1,1.600
Napoli,2021,2021-05-02,1,2.200
Napoli,2021,2020-11-08,1,2.600
Napoli,2021,2020-11-01,0,2.800
Napoli,2021,2020-10-17,4,4.000
Napoli,2021,2020-10-25,2,3.500
Napoli,2021,2020-12-23,1,1.400
Napoli,2021,2021-05-23,1,2.600
Napoli,2021,2021-05-16,2,2.800
Napoli,2021,2021-05-11,5,3.400
Napoli,2021,2021-05-08,4,2.600
Napoli,2021,2021-02-06,1,2.400
Napoli,2021,2020-11-29,4,1.600
Napoli,2021,2020-12-06,4,2.000
Napoli,2021,2020-12-13,2,2.400
Napoli,2021,2020-12-16,0,2.200
Napoli,2021,2021-04-07,1,2.200
Napoli,2021,2021-01-06,1,1.200
Napoli,2021,2021-01-10,2,1.600
Napoli,2021,2021-01-17,6,2.800
Napoli,2021,2021-01-24,1,2.800
Napoli,2021,2021-01-31,2,2.400
Napoli,2021,2020-12-20,0,2.000
Napoli,2021,2021-02-13,1,2.200
Napoli,2021,2021-02-21,2,1.400
Parma,2021,2021-04-24,3,2.000
Parma,2021,2021-05-12,0,1.200
Parma,2021,2021-05-16,1,1.200
Parma,2021,2021-05-22,0,0.600
Parma,2021,2021-03-04,1,1.200
Parma,2021,2020-12-16,0,0.800
Parma,2021,2020-09-28,1,0.500
Parma,2021,2020-10-04,1,0.666
Parma,2021,2020-10-18,2,1.000
Parma,2021,2021-05-09,2,1.800
Parma,2021,2021-05-03,0,1.600
Parma,2021,2021-04-21,1,1.600
Parma,2021,2021-04-17,3,1.800
Parma,2021,2021-04-10,1,1.800
Parma,2021,2021-04-03,2,1.800
Parma,2021,2021-03-19,1,1.800
Parma,2021,2021-03-14,2,2.000
Parma,2021,2021-03-07,3,1.800
Parma,2021,2020-09-20,0,0.000
Parma,2021,2020-12-22,1,0.600
Parma,2021,2020-10-25,2,1.200
Parma,2021,2021-02-27,2,1.000
Parma,2021,2021-02-21,2,0.600
Parma,2021,2021-02-15,1,0.400
Parma,2021,2021-02-07,0,0.200
Parma,2021,2021-01-31,0,0.200
Parma,2021,2021-01-24,0,0.200
Parma,2021,2021-01-06,0,0.200
Parma,2021,2021-01-17,1,0.400
Parma,2021,2021-01-03,0,0.600
Parma,2021,2020-12-19,0,0.800
Parma,2021,2020-12-13,2,0.800
Parma,2021,2020-12-06,0,0.800
Parma,2021,2020-11-30,2,1.200
Parma,2021,2020-11-22,0,1.200
Parma,2021,2020-11-07,0,1.400
Parma,2021,2020-10-31,2,1.600
Parma,2021,2021-01-10,0,0.200
Roma,2021,2021-01-23,4,2.000
Roma,2021,2021-04-11,1,0.800
Roma,2021,2021-04-03,2,1.000
Roma,2021,2021-03-21,0,0.800
Roma,2021,2021-03-14,0,0.800
Roma,2021,2021-03-07,1,1.400
Roma,2021,2021-03-03,2,1.200
Roma,2021,2021-02-28,1,1.400
Roma,2021,2021-02-21,0,2.000
Roma,2021,2021-01-31,3,2.400
Roma,2021,2021-04-18,1,0.800
Roma,2021,2021-01-10,2,2.000
Roma,2021,2021-01-06,3,2.200
Roma,2021,2021-01-03,1,2.600
Roma,2021,2020-12-23,3,2.400
Roma,2021,2020-12-20,1,1.800
Roma,2021,2020-12-17,3,2.200
Roma,2021,2021-02-14,3,2.000
Roma,2021,2021-02-06,0,1.800
Roma,2021,2020-11-22,3,3.200
Roma,2021,2021-05-02,0,1.000
Roma,2021,2020-10-03,1,1.000
Roma,2021,2021-05-23,2,2.000
Roma,2021,2021-05-15,2,2.000
Roma,2021,2021-05-12,1,1.800
Roma,2021,2020-09-19,0,0.000
Roma,2021,2021-05-09,5,1.800
Roma,2021,2020-12-06,0,1.600
Roma,2021,2020-11-29,0,2.200
Roma,2021,2021-01-15,0,1.800
Roma,2021,2020-11-08,3,2.800
Roma,2021,2020-09-27,2,1.000
Roma,2021,2020-11-01,2,2.600
Roma,2021,2020-10-26,3,2.200
Roma,2021,2020-10-18,5,2.000
Roma,2021,2020-12-13,5,2.200
Roma,2021,2021-04-25,2,1.400
Roma,2021,2021-04-22,1,1.000
Sampdoria,2021,2020-11-22,1,1.600
Sampdoria,2021,2020-10-17,3,1.750
Sampdoria,2021,2020-10-24,3,2.000
Sampdoria,2021,2020-11-01,1,2.200
Sampdoria,2021,2021-01-06,2,1.800
Sampdoria,2021,2021-01-11,1,1.600
Sampdoria,2021,2020-12-16,2,1.400
Sampdoria,2021,2020-12-13,1,1.000
Sampdoria,2021,2020-12-06,1,1.000
Sampdoria,2021,2020-11-30,2,1.400
Sampdoria,2021,2020-10-02,2,1.333
Sampdoria,2021,2021-05-02,2,1.200
Sampdoria,2021,2021-05-22,3,1.800
Sampdoria,2021,2021-05-16,1,1.200
Sampdoria,2021,2021-05-12,2,1.200
Sampdoria,2021,2021-05-08,1,1.400
Sampdoria,2021,2020-12-19,3,1.800
Sampdoria,2021,2020-12-23,2,1.800
Sampdoria,2021,2021-01-03,0,1.600
Sampdoria,2021,2021-01-24,2,1.400
Sampdoria,2021,2020-09-20,0,0.000
Sampdoria,2021,2021-03-21,1,1.000
Sampdoria,2021,2021-03-14,1,0.800
Sampdoria,2021,2021-03-07,2,1.000
Sampdoria,2021,2021-03-03,1,0.800
Sampdoria,2021,2021-02-28,0,0.600
Sampdoria,2021,2021-02-20,0,1.000
Sampdoria,2021,2021-02-14,2,1.400
Sampdoria,2021,2021-02-07,1,1.200
Sampdoria,2021,2021-04-03,1,1.200
Sampdoria,2021,2021-01-16,2,1.400
Sampdoria,2021,2021-04-11,0,1.000
Sampdoria,2021,2021-04-17,3,1.200
Sampdoria,2021,2021-04-21,1,1.200
Sampdoria,2021,2021-04-24,0,1.000
Sampdoria,2021,2020-11-07,0,1.800
Sampdoria,2021,2020-09-26,2,1.000
Sampdoria,2021,2021-01-30,0,1.400
Sassuolo,2021,2021-01-31,1,1.200
Sassuolo,2021,2021-04-17,3,1.800
Sassuolo,2021,2021-04-12,1,1.800
Sassuolo,2021,2021-03-17,2,1.800
Sassuolo,2021,2021-03-13,3,1.800
Sassuolo,2021,2021-03-06,0,1.400
Sassuolo,2021,2021-03-03,3,1.600
Sassuolo,2021,2021-02-20,1,1.200
Sassuolo,2021,2021-02-14,2,1.200
Sassuolo,2021,2021-02-06,1,1.000
Sassuolo,2021,2021-04-21,2,1.800
Sassuolo,2021,2021-01-24,1,1.200
Sassuolo,2021,2021-01-17,1,1.600
Sassuolo,2021,2020-09-20,1,1.000
Sassuolo,2021,2020-12-23,3,1.200
Sassuolo,2021,2021-01-03,1,1.400
Sassuolo,2021,2021-01-06,2,1.600
Sassuolo,2021,2020-10-18,4,3.250
Sassuolo,2021,2020-12-20,1,0.600
Sassuolo,2021,2020-11-01,2,3.400
Sassuolo,2021,2021-05-12,1,1.400
Sassuolo,2021,2021-05-16,3,1.600
Sassuolo,2021,2021-05-23,2,1.800
Sassuolo,2021,2021-04-07,1,1.600
Sassuolo,2021,2021-05-09,2,1.800
Sassuolo,2021,2020-09-27,4,2.500
Sassuolo,2021,2020-10-03,4,3.000
Sassuolo,2021,2021-01-10,1,1.600
Sassuolo,2021,2020-10-23,3,3.200
Sassuolo,2021,2020-12-16,1,0.800
Sassuolo,2021,2020-11-06,0,2.600
Sassuolo,2021,2020-11-22,2,2.200
Sassuolo,2021,2020-11-28,0,1.400
Sassuolo,2021,2020-12-06,0,0.800
Sassuolo,2021,2020-12-11,1,0.600
Sassuolo,2021,2021-04-03,2,2.000
Sassuolo,2021,2021-05-02,1,1.600
Sassuolo,2021,2021-04-24,1,1.600
Spezia,2021,2020-10-25,2,1.400
Spezia,2021,2021-02-06,2,1.400
Spezia,2021,2021-02-13,2,1.400
Spezia,2021,2021-02-19,0,1.400
Spezia,2021,2021-02-27,2,1.200
Spezia,2021,2021-03-02,0,1.200
Spezia,2021,2020-09-30,2,1.500
Spezia,2021,2020-12-23,1,1.200
Spezia,2021,2020-10-04,0,1.000
Spezia,2021,2020-10-18,2,1.250
Spezia,2021,2021-01-31,0,1.400
Spezia,2021,2020-11-01,1,1.400
Spezia,2021,2020-11-07,3,1.600
Spezia,2021,2020-11-21,0,1.600
Spezia,2021,2020-11-29,2,1.600
Spezia,2021,2020-12-05,1,1.400
Spezia,2021,2020-12-12,1,1.400
Spezia,2021,2020-12-20,1,1.400
Spezia,2021,2020-12-16,2,1.200
Spezia,2021,2020-09-27,1,1.000
Spezia,2021,2021-01-03,0,1.000
Spezia,2021,2021-04-21,1,1.600
Spezia,2021,2021-04-24,0,1.200
Spezia,2021,2021-05-01,1,1.200
Spezia,2021,2021-05-08,1,0.800
Spezia,2021,2021-05-15,4,1.600
Spezia,2021,2021-05-23,2,2.000
Spezia,2021,2021-03-06,1,1.000
Spezia,2021,2021-01-06,2,1.200
Spezia,2021,2021-04-18,1,1.600
Spezia,2021,2021-05-12,2,1.000
Spezia,2021,2021-04-10,3,1.600
Spezia,2021,2021-04-03,1,1.000
Spezia,2021,2021-03-20,2,1.200
Spezia,2021,2021-03-12,1,0.800
Spezia,2021,2021-01-11,2,1.200
Spezia,2021,2021-01-16,0,1.000
Spezia,2021,2021-01-23,3,1.400
Torino,2021,2021-03-21,0,1.400
Torino,2021,2021-05-03,1,1.200
Torino,2021,2021-04-26,0,1.400
Torino,2021,2021-04-21,1,1.400
Torino,2021,2021-04-18,3,1.800
Torino,2021,2021-04-10,1,1.400
Torino,2021,2021-04-03,2,1.600
Torino,2021,2021-05-15,1,0.600
Torino,2021,2021-05-18,0,0.600
Torino,2021,2021-01-16,0,1.000
Torino,2021,2021-05-09,1,1.200
Torino,2021,2021-03-17,3,1.400
Torino,2021,2021-03-14,1,1.400
Torino,2021,2021-03-07,2,1.400
Torino,2021,2021-02-19,1,1.400
Torino,2021,2021-02-13,0,1.200
Torino,2021,2021-02-06,3,1.200
Torino,2021,2021-01-29,1,0.800
Torino,2021,2021-01-22,2,1.200
Torino,2021,2020-10-18,2,1.333
Torino,2021,2021-01-09,0,1.200
Torino,2021,2021-01-06,1,1.400
Torino,2021,2020-12-05,1,1.400
Torino,2021,2020-12-23,1,1.200
Torino,2021,2020-12-17,1,1.600
Torino,2021,2020-12-12,2,1.400
Torino,2021,2020-12-20,1,1.400
Torino,2021,2020-09-19,0,0.000
Torino,2021,2020-09-26,2,1.000
Torino,2021,2021-01-03,3,1.600
Torino,2021,2020-10-23,3,1.750
Torino,2021,2020-11-01,3,2.000
Torino,2021,2020-11-04,2,2.400
Torino,2021,2020-11-08,0,2.000
Torino,2021,2020-11-22,2,2.000
Torino,2021,2020-11-30,2,1.800
Torino,2021,2021-05-23,1,0.600
Torino,2021,2021-05-12,0,0.600
Udinese,2021,2021-05-11,1,1.400
Udinese,2021,2020-12-23,0,1.400
Udinese,2021,2021-03-21,0,1.000
Udinese,2021,2020-11-01,1,1.200
Udinese,2021,2021-04-10,0,1.000
Udinese,2021,2021-04-17,2,1.000
Udinese,2021,2021-04-21,0,0.800
Udinese,2021,2021-04-25,4,1.600
Udinese,2021,2021-05-02,1,1.400
Udinese,2021,2021-05-08,1,1.600
Udinese,2021,2021-01-06,2,0.800
Udinese,2021,2021-05-16,0,1.400
Udinese,2021,2020-12-20,1,1.600
Udinese,2021,2020-12-15,0,1.400
Udinese,2021,2020-12-12,3,1.600
Udinese,2021,2021-05-23,1,0.800
Udinese,2021,2020-11-29,3,1.400
Udinese,2021,2020-11-22,1,1.400
Udinese,2021,2021-01-10,1,1.000
Udinese,2021,2021-03-13,1,1.400
Udinese,2021,2020-09-27,0,0.000
Udinese,2021,2020-10-03,0,0.000
Udinese,2021,2020-10-18,3,0.750
Udinese,2021,2020-09-30,0,0.000
Udinese,2021,2020-10-25,2,1.000
Udinese,2021,2021-04-03,2,1.200
Udinese,2021,2021-01-16,1,1.000
Udinese,2021,2021-01-20,1,1.200
Udinese,2021,2021-01-23,0,1.000
Udinese,2021,2020-11-06,0,1.200
Udinese,2021,2021-01-31,1,0.800
Udinese,2021,2021-02-07,2,1.000
Udinese,2021,2021-02-14,0,0.800
Udinese,2021,2021-02-21,2,1.000
Udinese,2021,2021-02-28,1,1.200
Udinese,2021,2021-03-03,1,1.200
Udinese,2021,2021-01-03,1,1.000
Udinese,2021,2021-03-06,2,1.200
Atalanta,2022,2022-01-22,0,1.400
Atalanta,2022,2021-09-21,2,1.200
Atalanta,2022,2021-09-11,1,1.400
Atalanta,2022,2021-08-28,0,1.600
Atalanta,2022,2021-09-18,1,0.800
Atalanta,2022,2021-12-12,2,3.000
Atalanta,2022,2021-12-18,1,2.200
Atalanta,2022,2021-12-21,0,2.000
Atalanta,2022,2022-01-09,6,2.400
Atalanta,2022,2022-01-16,0,1.800
Atalanta,2022,2021-09-25,2,1.200
Atalanta,2022,2022-02-06,1,1.400
Atalanta,2022,2022-02-13,1,1.600
Atalanta,2022,2022-02-20,0,0.400
Atalanta,2022,2022-02-28,4,1.200
Atalanta,2022,2022-03-05,0,1.200
Atalanta,2022,2022-03-13,0,1.000
Atalanta,2022,2021-12-04,3,3.000
Atalanta,2022,2022-03-20,1,1.000
Atalanta,2022,2021-11-30,4,2.800
Atalanta,2022,2022-04-03,1,1.200
Atalanta,2022,2022-04-10,1,0.600
Atalanta,2022,2022-04-18,1,0.800
Atalanta,2022,2022-04-23,3,1.400
Atalanta,2022,2022-04-27,4,2.000
Atalanta,2022,2022-05-02,1,2.000
Atalanta,2022,2022-05-08,3,2.400
Atalanta,2022,2022-05-15,0,2.200
Atalanta,2022,2022-05-21,0,1.600
Atalanta,2022,2021-11-20,5,2.600
Atalanta,2022,2021-11-27,1,2.600
Atalanta,2022,2021-08-21,2,2.600
Atalanta,2022,2021-11-06,2,2.400
Atalanta,2022,2021-10-30,2,2.400
Atalanta,2022,2021-10-27,3,2.400
Atalanta,2022,2021-10-24,1,2.200
Atalanta,2022,2021-10-17,4,2.200
Atalanta,2022,2021-10-03,2,1.600
Bologna,2022,2021-11-07,2,1.400
Bologna,2022,2022-01-11,1,1.400
Bologna,2022,2021-11-01,2,1.600
Bologna,2022,2021-10-28,0,1.600
Bologna,2022,2021-10-23,2,2.000
Bologna,2022,2021-10-17,1,1.800
Bologna,2022,2021-10-03,3,1.800
Bologna,2022,2021-09-26,2,1.200
Bologna,2022,2021-09-21,2,1.400
Bologna,2022,2021-09-18,1,1.200
Bologna,2022,2021-09-13,1,1.400
Bologna,2022,2022-05-08,3,1.600
Bologna,2022,2022-05-01,0,1.400
Bologna,2022,2022-04-27,2,1.400
Bologna,2022,2022-04-24,2,1.000
Bologna,2022,2022-04-16,1,0.600
Bologna,2022,2022-04-11,2,0.400
Bologna,2022,2022-04-04,0,0.200
Bologna,2022,2022-03-13,0,0.600
Bologna,2022,2021-08-22,3,1.400
Bologna,2022,2022-02-06,0,1.000
Bologna,2022,2022-05-21,1,1.400
Bologna,2022,2022-02-26,1,0.800
Bologna,2022,2022-02-21,2,0.600
Bologna,2022,2022-02-12,0,0.400
Bologna,2022,2022-05-15,1,1.600
Bologna,2022,2022-01-17,0,1.000
Bologna,2022,2022-01-21,1,1.000
Bologna,2022,2022-03-20,0,0.600
Bologna,2022,2022-03-06,0,0.600
Bologna,2022,2021-08-28,0,1.200
Bologna,2022,2021-12-22,3,1.400
Bologna,2022,2021-12-18,0,1.000
Bologna,2022,2021-12-12,1,1.000
Bologna,2022,2021-12-05,2,1.200
Bologna,2022,2021-12-01,1,1.200
Bologna,2022,2021-11-28,1,1.000
Bologna,2022,2021-11-21,0,1.200
Cagliari,2022,2021-12-06,1,1.000
Cagliari,2022,2022-01-06,2,0.600
Cagliari,2022,2022-02-06,2,1.400
Cagliari,2022,2022-02-13,1,1.200
Cagliari,2022,2022-01-11,2,0.800
Cagliari,2022,2022-01-16,0,0.800
Cagliari,2022,2021-12-21,0,0.200
Cagliari,2022,2021-09-12,2,1.000
Cagliari,2022,2021-12-18,0,0.400
Cagliari,2022,2021-12-12,0,0.800
Cagliari,2022,2022-01-23,1,1.000
Cagliari,2022,2021-11-30,0,0.800
Cagliari,2022,2021-11-26,1,1.000
Cagliari,2022,2021-11-21,2,0.800
Cagliari,2022,2021-11-06,1,1.000
Cagliari,2022,2021-09-26,0,1.000
Cagliari,2022,2021-09-22,0,1.400
Cagliari,2022,2021-09-19,2,1.400
Cagliari,2022,2022-02-27,2,1.400
Cagliari,2022,2022-03-12,0,0.800
Cagliari,2022,2021-10-01,1,1.000
Cagliari,2022,2022-04-24,0,0.600
Cagliari,2022,2021-08-29,1,0.600
Cagliari,2022,2022-05-22,0,0.600
Cagliari,2022,2022-05-15,1,0.800
Cagliari,2022,2022-04-30,1,0.800
Cagliari,2022,2022-03-19,0,0.600
Cagliari,2022,2021-08-23,2,1.000
Cagliari,2022,2022-03-05,0,1.200
Cagliari,2022,2022-02-21,1,1.000
Cagliari,2022,2022-05-08,1,0.800
Cagliari,2022,2022-04-16,1,0.600
Cagliari,2022,2022-04-09,1,0.400
Cagliari,2022,2021-11-01,0,1.000
Cagliari,2022,2022-04-03,1,0.600
Cagliari,2022,2021-10-17,3,1.200
Cagliari,2022,2021-10-24,0,0.800
Cagliari,2022,2021-10-27,1,1.000
Empoli,2022,2021-10-27,0,1.800
Empoli,2022,2022-01-09,1,1.600
Empoli,2022,2022-01-06,3,2.000
Empoli,2022,2021-12-22,2,1.800
Empoli,2022,2021-08-21,1,1.000
Empoli,2022,2021-12-19,1,1.800
Empoli,2022,2021-12-02,2,1.800
Empoli,2022,2021-11-22,1,1.800
Empoli,2022,2021-11-05,2,1.800
Empoli,2022,2021-10-31,2,1.400
Empoli,2022,2022-01-16,1,1.600
Empoli,2022,2021-10-23,4,2.200
Empoli,2022,2021-12-12,1,1.800
Empoli,2022,2021-10-03,0,1.400
Empoli,2022,2021-09-26,4,1.600
Empoli,2022,2021-09-22,2,1.000
Empoli,2022,2021-09-19,0,0.750
Empoli,2022,2021-09-11,1,1.000
Empoli,2022,2021-08-28,1,1.000
Empoli,2022,2022-04-03,0,0.600
Empoli,2022,2022-05-21,1,1.600
Empoli,2022,2022-05-14,1,1.600
Empoli,2022,2022-05-06,2,1.400
Empoli,2022,2022-05-01,1,1.000
Empoli,2022,2022-04-24,3,1.000
Empoli,2022,2022-04-16,1,0.400
Empoli,2022,2021-10-17,1,1.400
Empoli,2022,2021-11-27,2,1.400
Empoli,2022,2022-04-09,0,0.200
Empoli,2022,2021-12-06,3,2.000
Empoli,2022,2022-03-20,1,0.600
Empoli,2022,2022-03-12,0,0.600
Empoli,2022,2022-03-06,0,0.600
Empoli,2022,2022-02-26,2,1.000
Empoli,2022,2022-02-19,0,0.800
Empoli,2022,2022-02-13,1,1.000
Empoli,2022,2022-02-06,0,1.400
Empoli,2022,2022-01-23,2,1.800
Fiorentina,2022,2022-03-13,1,1.200
Fiorentina,2022,2022-05-21,2,1.000
Fiorentina,2022,2022-04-24,1,1.400
Fiorentina,2022,2022-01-17,6,2.600
Fiorentina,2022,2022-01-23,1,2.000
Fiorentina,2022,2022-02-05,0,1.600
Fiorentina,2022,2021-09-11,2,1.000
Fiorentina,2022,2022-02-20,1,2.000
Fiorentina,2022,2022-02-26,1,1.000
Fiorentina,2022,2022-03-06,1,1.000
Fiorentina,2022,2022-05-16,1,0.800
Fiorentina,2022,2022-03-19,1,1.000
Fiorentina,2022,2022-04-03,1,1.000
Fiorentina,2022,2022-04-10,3,1.400
Fiorentina,2022,2022-04-16,1,1.400
Fiorentina,2022,2021-08-28,2,0.600
Fiorentina,2022,2021-08-22,1,0.600
Fiorentina,2022,2021-11-06,0,1.200
Fiorentina,2022,2021-09-18,2,1.400
Fiorentina,2022,2021-12-05,3,2.200
Fiorentina,2022,2021-09-26,1,1.600
Fiorentina,2022,2021-10-03,1,1.400
Fiorentina,2022,2021-10-18,0,1.000
Fiorentina,2022,2021-10-24,3,1.200
Fiorentina,2022,2021-10-27,0,1.000
Fiorentina,2022,2021-10-31,3,1.400
Fiorentina,2022,2021-11-20,4,2.000
Fiorentina,2022,2021-11-27,1,1.600
Fiorentina,2022,2021-11-30,3,2.200
Fiorentina,2022,2021-09-21,1,1.600
Fiorentina,2022,2021-12-11,4,3.000
Fiorentina,2022,2021-12-19,2,2.600
Fiorentina,2022,2021-12-22,1,2.600
Fiorentina,2022,2022-01-10,0,2.000
Fiorentina,2022,2022-04-27,0,1.200
Fiorentina,2022,2022-02-14,2,1.800
Fiorentina,2022,2022-05-01,0,1.000
Fiorentina,2022,2022-05-09,2,0.800
Genoa,2022,2021-08-29,1,1.400
Genoa,2022,2021-11-05,2,1.400
Genoa,2022,2021-10-31,0,1.000
Genoa,2022,2021-12-17,1,0.400
Genoa,2022,2021-12-10,1,0.200
Genoa,2022,2021-12-05,0,0.400
Genoa,2022,2021-12-01,0,0.400
Genoa,2022,2021-09-25,3,2.000
Genoa,2022,2022-03-06,0,0.400
Genoa,2022,2021-08-21,0,1.400
Genoa,2022,2021-10-26,1,1.600
Genoa,2022,2021-10-17,2,1.600
Genoa,2022,2021-10-22,2,1.800
Genoa,2022,2021-09-12,3,1.600
Genoa,2022,2021-09-18,1,1.200
Genoa,2022,2022-01-17,0,0.400
Genoa,2022,2022-03-18,1,0.400
Genoa,2022,2022-03-13,0,0.400
Genoa,2022,2021-09-21,2,1.400
Genoa,2022,2022-02-13,1,0.200
Genoa,2022,2022-05-15,0,0.600
Genoa,2022,2022-05-06,2,0.800
Genoa,2022,2022-04-30,0,0.400
Genoa,2022,2022-04-24,1,0.600
Genoa,2022,2022-04-15,0,0.400
Genoa,2022,2022-04-10,1,0.400
Genoa,2022,2022-04-04,0,0.200
Genoa,2022,2022-01-09,0,0.600
Genoa,2022,2022-02-05,0,0.200
Genoa,2022,2022-01-22,0,0.200
Genoa,2022,2021-10-02,0,1.800
Genoa,2022,2022-02-25,0,0.400
Genoa,2022,2022-05-21,0,0.600
Genoa,2022,2021-11-28,0,0.600
Genoa,2022,2022-02-20,1,0.400
Genoa,2022,2022-01-06,1,0.600
Genoa,2022,2021-12-21,0,0.400
Genoa,2022,2021-11-21,0,1.000
Hellas Verona,2022,2022-04-30,2,1.200
Hellas Verona,2022,2022-02-06,0,1.800
Hellas Verona,2022,2022-02-13,4,2.200
Hellas Verona,2022,2021-09-19,3,1.400
Hellas Verona,2022,2021-09-22,2,1.600
Hellas Verona,2022,2021-08-21,2,1.400
Hellas Verona,2022,2021-08-27,1,1.400
Hellas Verona,2022,2022-03-20,1,1.600
Hellas Verona,2022,2022-05-14,0,1.200
Hellas Verona,2022,2022-05-08,1,1.200
Hellas Verona,2022,2022-01-21,2,2.000
Hellas Verona,2022,2022-04-23,1,1.000
Hellas Verona,2022,2022-04-18,2,1.000
Hellas Verona,2022,2022-04-09,0,0.800
Hellas Verona,2022,2022-04-04,1,1.400
Hellas Verona,2022,2022-05-21,3,1.400
Hellas Verona,2022,2022-02-27,3,2.200
Hellas Verona,2022,2022-03-06,1,2.000
Hellas Verona,2022,2022-03-13,1,2.200
Hellas Verona,2022,2021-10-16,2,2.800
Hellas Verona,2022,2022-02-19,2,2.400
Hellas Verona,2022,2021-09-13,0,1.200
Hellas Verona,2022,2021-11-27,1,1.400
Hellas Verona,2022,2021-10-30,2,2.600
Hellas Verona,2022,2021-11-07,1,2.000
Hellas Verona,2022,2021-11-22,2,2.000
Hellas Verona,2022,2021-12-05,4,1.600
Hellas Verona,2022,2021-11-30,0,1.200
Hellas Verona,2022,2021-10-24,4,3.000
Hellas Verona,2022,2021-10-27,1,2.800
Hellas Verona,2022,2021-10-03,4,2.400
Hellas Verona,2022,2021-09-25,3,1.800
Hellas Verona,2022,2021-12-12,1,1.600
Hellas Verona,2022,2021-12-19,0,1.200
Hellas Verona,2022,2021-12-22,1,1.200
Hellas Verona,2022,2022-01-06,2,1.600
Hellas Verona,2022,2022-01-09,1,1.000
Hellas Verona,2022,2022-01-16,4,1.600
Internazionale,2022,2022-01-09,2,3.000
Internazionale,2022,2022-04-23,3,2.000
Internazionale,2022,2022-04-15,3,1.600
Internazionale,2022,2022-04-09,2,2.000
Internazionale,2022,2022-04-03,1,1.600
Internazionale,2022,2022-05-22,3,2.600
Internazionale,2022,2021-12-17,5,3.200
Internazionale,2022,2022-03-13,1,1.400
Internazionale,2022,2022-05-01,2,2.200
Internazionale,2022,2021-12-22,1,3.000
Internazionale,2022,2021-12-12,4,2.800
Internazionale,2022,2022-03-19,1,1.400
Internazionale,2022,2021-11-07,1,1.400
Internazionale,2022,2022-01-22,2,2.000
Internazionale,2022,2022-02-05,1,1.200
Internazionale,2022,2022-02-12,1,1.200
Internazionale,2022,2022-02-20,0,0.800
Internazionale,2022,2022-02-25,0,0.800
Internazionale,2022,2022-03-04,5,1.400
Internazionale,2022,2021-09-21,3,3.600
Internazionale,2022,2021-10-31,2,1.600
Internazionale,2022,2021-08-21,4,3.800
Internazionale,2022,2021-10-24,1,1.800
Internazionale,2022,2021-08-27,3,3.400
Internazionale,2022,2022-05-06,4,2.600
Internazionale,2022,2022-05-15,3,2.600
Internazionale,2022,2021-09-12,2,3.200
Internazionale,2022,2021-09-18,6,4.000
Internazionale,2022,2021-10-02,2,3.000
Internazionale,2022,2021-10-27,2,1.600
Internazionale,2022,2021-10-16,1,2.800
Internazionale,2022,2021-09-25,2,3.200
Internazionale,2022,2022-04-27,1,2.000
Internazionale,2022,2022-01-16,0,2.400
Internazionale,2022,2021-11-21,3,1.800
Internazionale,2022,2021-11-27,2,2.000
Internazionale,2022,2021-12-01,2,2.000
Internazionale,2022,2021-12-04,3,2.200
Juventus,2022,2022-03-06,1,1.600
Juventus,2022,2021-09-19,1,1.600
Juventus,2022,2021-11-30,2,1.200
Juventus,2022,2022-01-06,1,1.600
Juventus,2022,2022-01-09,4,2.000
Juventus,2022,2022-01-15,2,2.200
Juventus,2022,2022-01-23,0,1.800
Juventus,2022,2022-02-13,1,1.800
Juventus,2022,2022-02-18,1,1.200
Juventus,2022,2022-02-26,3,1.400
Juventus,2022,2021-09-11,1,2.000
Juventus,2022,2022-02-06,2,1.800
Juventus,2022,2022-04-09,2,1.600
Juventus,2022,2022-03-20,2,2.000
Juventus,2022,2022-04-03,0,1.800
Juventus,2022,2022-05-06,1,1.600
Juventus,2022,2022-04-25,2,1.400
Juventus,2022,2022-05-16,2,1.600
Juventus,2022,2022-05-21,0,1.400
Juventus,2022,2021-10-27,1,1.400
Juventus,2022,2021-12-21,2,1.800
Juventus,2022,2021-12-11,1,1.400
Juventus,2022,2022-03-12,3,1.800
Juventus,2022,2021-10-02,1,1.800
Juventus,2022,2021-09-22,3,1.400
Juventus,2022,2021-11-27,0,1.000
Juventus,2022,2021-11-20,2,1.200
Juventus,2022,2021-11-06,1,1.000
Juventus,2022,2021-10-30,1,1.000
Juventus,2022,2021-12-18,2,1.400
Juventus,2022,2021-10-24,1,1.800
Juventus,2022,2021-10-17,1,1.800
Juventus,2022,2022-05-01,2,1.400
Juventus,2022,2021-09-26,3,1.600
Juventus,2022,2022-04-16,1,1.600
Juventus,2022,2021-12-05,2,1.400
Juventus,2022,2021-08-22,2,2.400
Juventus,2022,2021-08-28,0,2.400
Lazio,2022,2021-09-12,0,1.800
Lazio,2022,2021-08-21,3,0.800
Lazio,2022,2021-10-30,2,1.400
Lazio,2022,2021-10-27,1,1.600
Lazio,2022,2021-10-24,1,1.600
Lazio,2022,2021-10-16,3,1.800
Lazio,2022,2021-10-03,0,1.200
Lazio,2022,2021-09-26,3,2.400
Lazio,2022,2021-09-23,1,2.400
Lazio,2022,2021-09-19,2,2.200
Lazio,2022,2021-11-28,0,1.200
Lazio,2022,2021-08-28,6,1.800
Lazio,2022,2022-05-21,3,2.400
Lazio,2022,2022-05-16,2,2.000
Lazio,2022,2022-05-07,2,2.400
Lazio,2022,2022-04-30,4,2.400
Lazio,2022,2022-04-24,1,1.600
Lazio,2022,2022-04-16,1,1.600
Lazio,2022,2022-04-10,4,2.000
Lazio,2022,2021-11-07,3,2.000
Lazio,2022,2022-04-02,2,1.400
Lazio,2022,2022-03-20,0,1.200
Lazio,2022,2022-03-14,1,1.800
Lazio,2022,2022-03-05,3,2.200
Lazio,2022,2021-11-20,0,1.400
Lazio,2022,2022-02-27,1,1.600
Lazio,2022,2021-12-02,4,1.800
Lazio,2022,2021-12-05,3,2.000
Lazio,2022,2021-12-12,1,1.600
Lazio,2022,2021-12-17,3,2.200
Lazio,2022,2021-12-22,3,2.800
Lazio,2022,2022-01-06,3,2.600
Lazio,2022,2022-01-09,1,2.200
Lazio,2022,2022-01-15,3,2.600
Lazio,2022,2022-01-22,0,2.000
Lazio,2022,2022-02-05,3,2.000
Lazio,2022,2022-02-12,3,2.000
Lazio,2022,2022-02-20,1,2.000
Milan,2022,2022-02-25,1,1.200
Milan,2022,2021-10-16,3,2.200
Milan,2022,2021-10-23,4,2.800
Milan,2022,2021-10-26,1,2.600
Milan,2022,2022-05-08,3,1.600
Milan,2022,2022-01-17,1,2.200
Milan,2022,2022-01-23,0,2.200
Milan,2022,2022-02-05,2,1.800
Milan,2022,2022-02-13,1,1.400
Milan,2022,2022-05-22,3,2.200
Milan,2022,2021-10-03,3,2.000
Milan,2022,2022-03-06,1,1.400
Milan,2022,2022-03-12,1,1.200
Milan,2022,2022-03-19,1,1.200
Milan,2022,2022-04-04,0,0.800
Milan,2022,2022-04-10,0,0.600
Milan,2022,2022-04-15,2,0.800
Milan,2022,2022-04-24,2,1.000
Milan,2022,2022-05-01,1,1.000
Milan,2022,2021-11-20,3,2.200
Milan,2022,2021-12-04,2,2.000
Milan,2022,2021-12-11,1,2.000
Milan,2022,2021-12-19,0,1.400
Milan,2022,2021-12-22,4,2.000
Milan,2022,2021-08-29,4,2.800
Milan,2022,2022-02-19,2,1.200
Milan,2022,2021-09-12,2,1.800
Milan,2022,2021-11-28,1,1.600
Milan,2022,2022-01-06,3,2.000
Milan,2022,2022-01-09,3,2.200
Milan,2022,2021-11-07,1,2.200
Milan,2022,2021-10-31,2,2.600
Milan,2022,2021-08-23,1,2.600
Milan,2022,2022-05-15,2,2.000
Milan,2022,2021-12-01,3,2.000
Milan,2022,2021-09-19,1,2.000
Milan,2022,2021-09-22,2,2.000
Milan,2022,2021-09-25,2,2.200
Napoli,2022,2021-10-28,3,1.600
Napoli,2022,2021-12-19,1,1.800
Napoli,2022,2021-11-21,2,1.400
Napoli,2022,2021-11-28,4,2.200
Napoli,2022,2021-12-01,2,2.000
Napoli,2022,2021-12-04,2,2.200
Napoli,2022,2021-12-12,0,2.000
Napoli,2022,2021-10-03,2,2.800
Napoli,2022,2021-10-31,1,1.400
Napoli,2022,2022-02-06,2,2.000
Napoli,2022,2021-12-22,0,1.000
Napoli,2022,2021-11-07,1,1.200
Napoli,2022,2021-10-24,0,1.800
Napoli,2022,2021-08-22,2,2.800
Napoli,2022,2021-09-11,2,1.800
Napoli,2022,2021-09-20,4,2.200
Napoli,2022,2021-09-23,4,2.800
Napoli,2022,2021-09-26,2,2.800
Napoli,2022,2021-10-17,1,2.600
Napoli,2022,2022-03-13,2,1.200
Napoli,2022,2022-03-19,2,1.400
Napoli,2022,2022-05-22,3,3.000
Napoli,2022,2022-05-15,3,2.600
Napoli,2022,2022-05-07,1,2.400
Napoli,2022,2022-04-24,2,2.000
Napoli,2022,2022-04-18,1,2.000
Napoli,2022,2022-04-10,2,1.800
Napoli,2022,2022-04-03,3,1.800
Napoli,2022,2022-01-06,1,0.800
Napoli,2022,2022-04-30,6,2.800
Napoli,2022,2022-03-06,0,1.200
Napoli,2022,2022-02-27,2,2.000
Napoli,2022,2022-02-21,1,2.000
Napoli,2022,2022-02-12,1,2.000
Napoli,2022,2022-01-23,4,1.600
Napoli,2022,2022-01-17,2,1.000
Napoli,2022,2022-01-09,1,0.600
Napoli,2022,2021-08-29,2,2.400
Roma,2022,2022-01-09,3,2.200
Roma,2022,2021-08-22,3,2.600
Roma,2022,2021-09-12,2,2.600
Roma,2022,2021-09-19,2,2.600
Roma,2022,2021-09-23,1,2.400
Roma,2022,2022-02-19,2,1.800
Roma,2022,2022-02-13,2,2.000
Roma,2022,2022-02-05,0,1.800
Roma,2022,2022-01-23,4,2.000
Roma,2022,2021-10-31,1,1.000
Roma,2022,2021-10-27,2,1.200
Roma,2022,2022-01-06,1,1.600
Roma,2022,2021-12-18,4,1.400
Roma,2022,2021-12-13,2,1.000
Roma,2022,2021-12-04,0,1.000
Roma,2022,2021-12-01,0,1.200
Roma,2022,2021-11-28,1,1.600
Roma,2022,2021-11-21,2,1.400
Roma,2022,2021-11-07,2,1.000
Roma,2022,2022-05-09,0,0.800
Roma,2022,2022-04-03,1,1.400
Roma,2022,2022-05-14,1,0.600
Roma,2022,2022-05-20,3,1.000
Roma,2022,2021-10-24,0,1.000
Roma,2022,2021-12-22,1,1.400
Roma,2022,2022-05-01,0,1.000
Roma,2022,2022-04-23,1,1.600
Roma,2022,2022-04-18,1,1.600
Roma,2022,2022-04-10,2,1.600
Roma,2022,2022-02-27,1,1.800
Roma,2022,2022-03-20,3,1.600
Roma,2022,2022-03-13,1,1.400
Roma,2022,2021-10-17,0,1.400
Roma,2022,2021-10-03,2,1.800
Roma,2022,2021-09-26,2,2.200
Roma,2022,2022-03-05,1,1.200
Roma,2022,2022-01-16,1,2.000
Roma,2022,2021-08-29,4,2.400
Salernitana,2022,2021-12-04,0,0.200
Salernitana,2022,2022-03-12,2,1.200
Salernitana,2022,2022-03-04,0,1.200
Salernitana,2022,2022-02-26,1,1.400
Salernitana,2022,2022-02-19,2,1.200
Salernitana,2022,2022-02-13,1,1.200
Salernitana,2022,2021-08-29,0,1.000
Salernitana,2022,2021-08-22,2,2.000
Salernitana,2022,2021-11-26,1,0.600
Salernitana,2022,2021-11-30,0,0.200
Salernitana,2022,2022-03-20,0,1.000
Salernitana,2022,2021-12-11,0,0.200
Salernitana,2022,2021-12-17,0,0.200
Salernitana,2022,2022-01-09,2,0.400
Salernitana,2022,2022-01-15,0,0.400
Salernitana,2022,2022-01-23,1,0.600
Salernitana,2022,2021-11-07,0,1.000
Salernitana,2022,2021-11-21,0,0.800
Salernitana,2022,2021-09-12,0,0.666
Salernitana,2022,2022-04-16,2,1.000
Salernitana,2022,2022-02-07,2,1.000
Salernitana,2022,2021-10-31,0,1.200
Salernitana,2022,2021-10-26,2,1.200
Salernitana,2022,2021-10-23,2,1.200
Salernitana,2022,2021-09-18,0,0.500
Salernitana,2022,2021-09-22,2,0.800
Salernitana,2022,2021-09-26,0,0.400
Salernitana,2022,2021-10-02,1,0.600
Salernitana,2022,2021-10-16,1,0.800
Salernitana,2022,2022-05-02,1,1.400
Salernitana,2022,2022-05-22,0,1.000
Salernitana,2022,2022-05-08,1,1.400
Salernitana,2022,2022-05-05,2,1.600
Salernitana,2022,2022-05-14,1,1.400
Salernitana,2022,2022-04-24,2,1.200
Salernitana,2022,2022-04-20,1,0.800
Salernitana,2022,2022-04-10,1,0.600
Salernitana,2022,2022-04-02,0,0.600
Sampdoria,2022,2021-11-21,2,1.200
Sampdoria,2022,2021-12-19,1,1.800
Sampdoria,2022,2022-05-16,4,1.400
Sampdoria,2022,2022-05-22,0,1.200
Sampdoria,2022,2021-10-03,3,2.000
Sampdoria,2022,2021-10-22,2,1.600
Sampdoria,2022,2021-10-27,1,1.800
Sampdoria,2022,2021-10-30,0,1.400
Sampdoria,2022,2022-05-07,0,0.600
Sampdoria,2022,2021-11-07,1,1.000
Sampdoria,2022,2022-04-23,1,0.800
Sampdoria,2022,2021-11-27,3,1.400
Sampdoria,2022,2021-11-30,1,1.400
Sampdoria,2022,2021-12-05,1,1.600
Sampdoria,2022,2021-12-10,3,2.000
Sampdoria,2022,2021-08-29,0,1.200
Sampdoria,2022,2021-09-12,2,1.200
Sampdoria,2022,2022-04-30,1,0.600
Sampdoria,2022,2022-04-16,1,0.800
Sampdoria,2022,2022-01-06,1,1.400
Sampdoria,2022,2022-04-11,0,0.800
Sampdoria,2022,2022-02-13,0,1.000
Sampdoria,2022,2022-02-19,2,1.400
Sampdoria,2022,2022-02-28,0,1.200
Sampdoria,2022,2022-03-05,1,1.400
Sampdoria,2022,2022-03-12,1,0.800
Sampdoria,2022,2022-03-20,2,1.200
Sampdoria,2022,2021-12-22,1,1.400
Sampdoria,2022,2021-09-19,3,1.600
Sampdoria,2022,2022-02-06,4,1.200
Sampdoria,2022,2022-01-23,0,0.600
Sampdoria,2022,2022-04-03,0,0.800
Sampdoria,2022,2021-10-17,1,1.800
Sampdoria,2022,2022-01-15,1,0.800
Sampdoria,2022,2021-08-23,0,1.400
Sampdoria,2022,2022-01-09,0,1.200
Sampdoria,2022,2021-09-26,2,1.400
Sampdoria,2022,2021-09-23,0,1.000
Sassuolo,2022,2022-05-15,3,1.200
Sassuolo,2022,2021-09-26,1,0.600
Sassuolo,2022,2021-08-21,3,2.200
Sassuolo,2022,2021-08-29,0,1.800
Sassuolo,2022,2021-09-12,1,1.800
Sassuolo,2022,2021-09-17,0,1.200
Sassuolo,2022,2022-02-20,2,1.400
Sassuolo,2022,2022-02-13,2,2.000
Sassuolo,2022,2022-03-18,4,2.800
Sassuolo,2022,2022-05-22,0,1.200
Sassuolo,2022,2022-02-26,2,1.400
Sassuolo,2022,2022-05-07,1,1.000
Sassuolo,2022,2022-04-30,1,1.000
Sassuolo,2022,2022-04-25,1,1.600
Sassuolo,2022,2022-04-16,0,1.800
Sassuolo,2022,2022-04-10,2,2.600
Sassuolo,2022,2022-04-02,1,2.600
Sassuolo,2022,2022-03-12,2,2.400
Sassuolo,2022,2022-03-06,4,2.000
Sassuolo,2022,2021-12-01,2,2.000
Sassuolo,2022,2022-01-23,1,1.800
Sassuolo,2022,2022-01-16,2,2.000
Sassuolo,2022,2022-02-06,0,1.800
Sassuolo,2022,2021-10-27,2,1.800
Sassuolo,2022,2022-01-06,1,1.400
Sassuolo,2022,2021-12-22,0,1.600
Sassuolo,2022,2021-12-19,2,2.200
Sassuolo,2022,2021-12-12,2,2.200
Sassuolo,2022,2021-12-05,2,2.200
Sassuolo,2022,2022-01-09,5,2.000
Sassuolo,2022,2021-11-28,3,2.000
Sassuolo,2022,2021-11-21,2,2.000
Sassuolo,2022,2021-11-07,2,2.000
Sassuolo,2022,2021-10-31,1,1.800
Sassuolo,2022,2021-09-21,1,1.000
Sassuolo,2022,2021-10-23,3,1.600
Sassuolo,2022,2021-10-17,2,1.000
Sassuolo,2022,2021-10-02,1,0.800
Spezia,2022,2021-11-06,1,1.000
Spezia,2022,2021-12-05,2,1.000
Spezia,2022,2021-12-19,1,0.600
Spezia,2022,2021-12-22,1,0.800
Spezia,2022,2022-01-06,1,1.000
Spezia,2022,2022-01-09,1,0.800
Spezia,2022,2022-01-17,2,1.200
Spezia,2022,2022-01-23,1,1.200
Spezia,2022,2021-12-01,0,0.600
Spezia,2022,2021-11-28,0,0.800
Spezia,2022,2022-02-14,1,1.400
Spezia,2022,2022-02-07,2,1.400
Spezia,2022,2021-09-19,2,1.400
Spezia,2022,2021-09-22,2,1.400
Spezia,2022,2021-10-16,2,1.400
Spezia,2022,2021-10-22,1,1.200
Spezia,2022,2021-11-20,2,1.000
Spezia,2022,2021-10-26,1,1.000
Spezia,2022,2021-10-31,0,0.800
Spezia,2022,2022-02-21,1,1.400
Spezia,2022,2022-03-06,0,0.800
Spezia,2022,2021-09-25,1,1.200
Spezia,2022,2021-12-13,0,0.800
Spezia,2022,2022-03-12,2,0.800
Spezia,2022,2022-05-22,0,1.600
Spezia,2022,2022-05-14,3,1.800
Spezia,2022,2022-05-08,1,1.200
Spezia,2022,2022-04-30,3,1.200
Spezia,2022,2022-04-23,1,0.800
Spezia,2022,2021-10-03,0,1.000
Spezia,2022,2021-09-12,0,1.800
Spezia,2022,2021-08-23,2,2.200
Spezia,2022,2021-08-28,1,2.200
Spezia,2022,2022-04-15,1,1.000
Spezia,2022,2022-04-09,0,0.800
Spezia,2022,2022-04-02,1,0.800
Spezia,2022,2022-03-18,1,0.800
Spezia,2022,2022-02-27,0,1.000
Torino,2022,2021-11-06,0,1.200
Torino,2022,2022-01-15,2,1.800
Torino,2022,2022-01-10,4,1.600
Torino,2022,2021-12-22,0,1.200
Torino,2022,2021-12-19,1,1.200
Torino,2022,2021-12-12,2,1.400
Torino,2022,2021-12-06,1,1.000
Torino,2022,2021-09-27,1,1.600
Torino,2022,2021-11-28,0,1.000
Torino,2022,2022-01-23,1,1.600
Torino,2022,2021-11-22,2,1.600
Torino,2022,2021-10-30,3,1.200
Torino,2022,2021-10-26,0,0.800
Torino,2022,2021-10-22,3,1.000
Torino,2022,2021-10-17,0,0.600
Torino,2022,2021-10-02,0,1.400
Torino,2022,2021-09-17,1,1.600
Torino,2022,2021-08-28,1,0.800
Torino,2022,2021-08-21,1,0.600
Torino,2022,2022-04-10,0,0.400
Torino,2022,2022-05-14,1,2.000
Torino,2022,2022-02-12,1,1.600
Torino,2022,2021-09-23,1,1.600
Torino,2022,2022-02-18,1,1.000
Torino,2022,2022-02-27,1,0.800
Torino,2022,2022-03-06,0,0.600
Torino,2022,2022-03-13,1,0.800
Torino,2022,2022-03-18,0,0.600
Torino,2022,2022-04-02,1,0.600
Torino,2022,2022-02-06,0,1.400
Torino,2022,2022-04-16,1,0.600
Torino,2022,2022-04-23,2,0.800
Torino,2022,2022-04-27,4,1.600
Torino,2022,2022-05-01,3,2.000
Torino,2022,2022-05-07,0,2.000
Torino,2022,2021-09-12,4,1.400
Torino,2022,2021-12-02,2,1.400
Torino,2022,2022-05-20,0,1.600
Udinese,2022,2022-02-13,0,0.800
Udinese,2022,2022-04-03,5,2.000
Udinese,2022,2022-03-19,1,1.200
Udinese,2022,2022-03-13,1,1.000
Udinese,2022,2022-05-22,4,2.400
Udinese,2022,2022-02-25,1,0.800
Udinese,2022,2022-02-20,1,0.600
Udinese,2022,2022-04-10,2,2.200
Udinese,2022,2021-11-28,0,1.000
Udinese,2022,2021-10-27,1,1.200
Udinese,2022,2022-02-06,2,1.600
Udinese,2022,2022-01-22,0,1.400
Udinese,2022,2022-01-15,0,1.600
Udinese,2022,2022-01-09,2,2.400
Udinese,2022,2021-08-22,2,1.000
Udinese,2022,2021-11-22,1,1.200
Udinese,2022,2021-11-07,3,1.200
Udinese,2022,2021-10-31,0,1.200
Udinese,2022,2022-04-16,4,2.600
Udinese,2022,2022-05-07,1,1.600
Udinese,2022,2021-10-17,1,0.800
Udinese,2022,2021-10-03,3,0.800
Udinese,2022,2021-09-26,0,0.800
Udinese,2022,2021-09-23,0,1.200
Udinese,2022,2021-09-20,0,1.400
Udinese,2022,2021-09-12,1,1.400
Udinese,2022,2021-08-27,3,1.400
Udinese,2022,2022-03-05,2,1.200
Udinese,2022,2022-05-14,2,2.000
Udinese,2022,2021-10-24,1,1.000
Udinese,2022,2022-05-01,1,2.200
Udinese,2022,2022-04-27,4,2.400
Udinese,2022,2022-04-24,2,2.600
Udinese,2022,2021-12-02,4,1.600
Udinese,2022,2021-12-06,1,1.800
Udinese,2022,2021-12-11,1,1.400
Udinese,2022,2021-12-18,4,2.000
Udinese,2022,2022-04-20,0,2.400
Venezia,2022,2022-01-16,1,0.800
Venezia,2022,2022-02-06,0,0.600
Venezia,2022,2022-02-12,2,0.800
Venezia,2022,2022-01-09,0,1.200
Venezia,2022,2021-09-22,0,0.600
Venezia,2022,2021-09-27,1,0.800
Venezia,2022,2021-10-01,1,1.000
Venezia,2022,2021-10-18,1,0.800
Venezia,2022,2021-10-23,1,0.800
Venezia,2022,2021-10-26,1,1.000
Venezia,2022,2022-01-22,1,0.800
Venezia,2022,2021-11-07,3,1.200
Venezia,2022,2022-02-20,1,1.000
Venezia,2022,2021-11-27,0,1.000
Venezia,2022,2021-11-30,0,0.800
Venezia,2022,2021-12-05,3,1.400
Venezia,2022,2021-12-11,1,1.000
Venezia,2022,2021-12-19,1,1.000
Venezia,2022,2021-12-22,1,1.200
Venezia,2022,2022-05-05,1,0.800
Venezia,2022,2021-10-31,0,0.800
Venezia,2022,2021-09-11,2,0.666
Venezia,2022,2021-08-27,0,0.000
Venezia,2022,2021-11-21,1,1.200
Venezia,2022,2022-04-10,1,0.400
Venezia,2022,2022-04-02,0,0.400
Venezia,2022,2022-05-22,0,1.400
Venezia,2022,2022-05-14,1,1.600
Venezia,2022,2022-05-08,4,1.400
Venezia,2022,2021-08-22,0,0.000
Venezia,2022,2022-05-01,1,0.600
Venezia,2022,2022-04-23,1,0.400
Venezia,2022,2022-04-16,0,0.200
Venezia,2022,2021-09-19,1,0.750
Venezia,2022,2022-03-20,0,0.600
Venezia,2022,2022-03-14,0,1.000
Venezia,2022,2022-03-06,1,1.000
Venezia,2022,2022-02-27,1,1.000
Atalanta,2023,2022-10-09,2,1.400
Atalanta,2023,2022-11-13,2,1.200
Atalanta,2023,2022-11-09,1,1.200
Atalanta,2023,2022-11-05,1,1.400
Atalanta,2023,2022-10-30,2,1.400
Atalanta,2023,2023-06-04,5,2.000
Atalanta,2023,2022-10-02,1,1.600
Atalanta,2023,2022-09-18,1,1.600
Atalanta,2023,2022-09-11,1,1.600
Atalanta,2023,2023-01-28,2,3.400
Atalanta,2023,2023-01-04,2,1.600
Atalanta,2023,2023-05-13,0,1.600
Atalanta,2023,2023-05-20,3,1.600
Atalanta,2023,2022-09-05,2,1.800
Atalanta,2023,2022-09-01,3,1.400
Atalanta,2023,2022-08-28,1,0.800
Atalanta,2023,2022-08-21,1,1.200
Atalanta,2023,2022-08-13,2,1.200
Atalanta,2023,2023-05-27,2,1.600
Atalanta,2023,2023-05-07,0,1.800
Atalanta,2023,2023-04-29,2,1.800
Atalanta,2023,2023-04-24,3,1.800
Atalanta,2023,2023-04-17,1,1.200
Atalanta,2023,2023-04-08,0,1.000
Atalanta,2023,2023-04-01,3,1.000
Atalanta,2023,2023-03-17,2,0.600
Atalanta,2023,2023-03-11,0,0.600
Atalanta,2023,2023-03-04,0,0.600
Atalanta,2023,2023-02-26,0,1.000
Atalanta,2023,2023-02-11,2,3.000
Atalanta,2023,2023-02-19,1,1.600
Atalanta,2023,2023-05-03,3,1.800
Atalanta,2023,2023-02-04,0,3.000
Atalanta,2023,2022-10-15,2,1.400
Atalanta,2023,2023-01-22,3,3.400
Atalanta,2023,2023-01-15,8,3.000
Atalanta,2023,2023-01-09,2,1.600
Atalanta,2023,2022-10-23,0,1.200
Bologna,2023,2022-10-23,2,1.000
Bologna,2023,2022-08-14,1,1.200
Bologna,2023,2023-04-21,1,1.800
Bologna,2023,2023-04-30,1,1.600
Bologna,2023,2023-01-27,2,1.200
Bologna,2023,2022-10-08,1,1.000
Bologna,2023,2023-05-28,2,1.800
Bologna,2023,2023-02-05,2,1.600
Bologna,2023,2022-10-16,2,1.000
Bologna,2023,2023-05-20,5,1.600
Bologna,2023,2023-05-04,1,1.200
Bologna,2023,2022-10-31,2,1.400
Bologna,2023,2022-11-06,2,1.800
Bologna,2023,2022-11-12,3,2.000
Bologna,2023,2023-01-04,0,1.600
Bologna,2023,2023-01-09,1,1.400
Bologna,2023,2023-01-15,2,1.400
Bologna,2023,2022-11-09,1,1.800
Bologna,2023,2023-01-23,1,1.400
Bologna,2023,2023-05-08,1,1.000
Bologna,2023,2023-04-02,3,1.200
Bologna,2023,2023-03-18,2,1.000
Bologna,2023,2023-03-11,0,0.600
Bologna,2023,2023-02-12,0,1.400
Bologna,2023,2023-03-06,0,1.000
Bologna,2023,2023-02-26,1,1.400
Bologna,2023,2023-02-18,2,1.400
Bologna,2023,2023-06-04,3,2.200
Bologna,2023,2023-05-14,0,0.800
Bologna,2023,2023-04-08,2,1.400
Bologna,2023,2022-10-02,0,1.000
Bologna,2023,2022-09-17,0,1.000
Bologna,2023,2023-04-15,1,1.600
Bologna,2023,2022-09-11,2,1.200
Bologna,2023,2022-09-04,2,1.000
Bologna,2023,2022-09-01,1,0.800
Bologna,2023,2022-08-27,0,0.800
Bologna,2023,2022-08-21,1,1.400
Cremonese,2023,2022-09-18,0,0.600
Cremonese,2023,2023-05-20,1,1.000
Cremonese,2023,2023-05-28,2,1.200
Cremonese,2023,2023-06-03,2,1.400
Cremonese,2023,2022-11-08,0,0.800
Cremonese,2023,2022-10-24,0,0.800
Cremonese,2023,2022-10-16,2,1.000
Cremonese,2023,2022-10-09,1,0.600
Cremonese,2023,2022-10-30,0,0.800
Cremonese,2023,2022-10-02,1,0.600
Cremonese,2023,2023-05-14,0,0.800
Cremonese,2023,2022-11-05,2,1.000
Cremonese,2023,2022-11-11,0,0.400
Cremonese,2023,2023-01-04,0,0.400
Cremonese,2023,2022-08-27,1,1.000
Cremonese,2023,2022-08-22,0,1.000
Cremonese,2023,2022-08-14,2,2.000
Cremonese,2023,2023-01-09,0,0.400
Cremonese,2023,2023-04-23,0,1.200
Cremonese,2023,2022-08-30,1,1.000
Cremonese,2023,2023-02-28,2,1.000
Cremonese,2023,2023-02-20,2,0.800
Cremonese,2023,2023-02-12,0,0.800
Cremonese,2023,2023-02-04,0,0.800
Cremonese,2023,2023-01-28,1,0.800
Cremonese,2023,2022-09-04,0,0.800
Cremonese,2023,2023-01-23,1,0.600
Cremonese,2023,2022-09-11,1,0.600
Cremonese,2023,2023-01-14,2,0.400
Cremonese,2023,2023-03-06,2,1.200
Cremonese,2023,2023-03-12,0,1.200
Cremonese,2023,2023-03-18,1,1.400
Cremonese,2023,2023-04-01,1,1.200
Cremonese,2023,2023-04-08,3,1.400
Cremonese,2023,2023-04-14,1,1.200
Cremonese,2023,2023-04-30,1,1.200
Cremonese,2023,2023-05-03,1,1.200
Cremonese,2023,2023-05-06,2,1.000
Empoli,2023,2023-05-04,3,0.800
Empoli,2023,2023-02-19,1,1.200
Empoli,2023,2023-02-25,0,1.000
Empoli,2023,2023-03-04,1,0.800
Empoli,2023,2023-03-11,0,0.800
Empoli,2023,2023-01-04,1,0.800
Empoli,2023,2023-04-03,1,0.600
Empoli,2023,2023-04-14,0,0.400
Empoli,2023,2023-04-23,0,0.400
Empoli,2023,2023-04-30,1,0.400
Empoli,2023,2023-02-11,2,1.200
Empoli,2023,2023-05-08,2,1.200
Empoli,2023,2023-05-15,1,1.400
Empoli,2023,2023-05-22,4,2.200
Empoli,2023,2023-05-28,1,2.200
Empoli,2023,2023-06-03,0,1.600
Empoli,2023,2023-04-07,0,0.600
Empoli,2023,2022-09-05,2,0.800
Empoli,2023,2023-01-16,1,1.200
Empoli,2023,2022-10-21,0,0.800
Empoli,2023,2022-11-05,1,0.600
Empoli,2023,2022-10-09,1,1.200
Empoli,2023,2022-10-30,0,0.600
Empoli,2023,2022-08-14,0,1.000
Empoli,2023,2022-08-21,0,0.800
Empoli,2023,2022-08-28,1,0.600
Empoli,2023,2022-08-31,1,0.600
Empoli,2023,2022-09-12,1,1.000
Empoli,2023,2022-09-17,1,1.200
Empoli,2023,2022-11-08,0,0.400
Empoli,2023,2023-01-08,2,1.200
Empoli,2023,2022-10-15,1,1.000
Empoli,2023,2022-10-01,1,1.200
Empoli,2023,2023-03-17,1,0.600
Empoli,2023,2022-11-11,2,0.600
Empoli,2023,2023-01-23,1,1.400
Empoli,2023,2023-01-28,2,1.400
Empoli,2023,2023-02-04,0,1.200
Fiorentina,2023,2023-01-29,1,0.800
Fiorentina,2023,2023-03-04,2,1.400
Fiorentina,2023,2023-03-12,2,1.600
Fiorentina,2023,2023-03-19,1,1.800
Fiorentina,2023,2023-02-05,1,0.800
Fiorentina,2023,2023-04-01,1,1.800
Fiorentina,2023,2023-04-08,1,1.400
Fiorentina,2023,2023-04-17,1,1.200
Fiorentina,2023,2023-04-23,2,1.200
Fiorentina,2023,2023-05-07,0,2.200
Fiorentina,2023,2023-02-19,1,0.600
Fiorentina,2023,2023-04-30,5,2.000
Fiorentina,2023,2023-05-03,3,2.400
Fiorentina,2023,2022-08-14,3,1.600
Fiorentina,2023,2023-01-21,0,0.800
Fiorentina,2023,2023-01-15,0,1.200
Fiorentina,2023,2023-01-07,2,1.600
Fiorentina,2023,2023-01-04,1,1.600
Fiorentina,2023,2022-11-13,1,2.000
Fiorentina,2023,2022-10-17,1,0.800
Fiorentina,2023,2023-02-12,0,0.400
Fiorentina,2023,2022-11-06,2,1.600
Fiorentina,2023,2022-10-30,2,1.200
Fiorentina,2023,2022-10-22,3,1.200
Fiorentina,2023,2022-10-10,0,0.800
Fiorentina,2023,2023-05-14,2,2.400
Fiorentina,2023,2022-11-09,2,2.000
Fiorentina,2023,2023-05-27,2,1.600
Fiorentina,2023,2023-02-27,3,1.200
Fiorentina,2023,2023-05-21,1,2.200
Fiorentina,2023,2022-08-21,0,1.600
Fiorentina,2023,2022-08-28,0,1.200
Fiorentina,2023,2022-08-31,0,1.000
Fiorentina,2023,2022-09-03,1,0.800
Fiorentina,2023,2022-09-11,1,0.400
Fiorentina,2023,2022-09-18,2,0.800
Fiorentina,2023,2022-10-02,0,0.800
Fiorentina,2023,2023-06-02,3,1.600
Hellas Verona,2023,2022-08-28,0,1.200
Hellas Verona,2023,2023-04-01,0,0.400
Hellas Verona,2023,2023-04-08,2,0.800
Hellas Verona,2023,2023-04-15,0,0.800
Hellas Verona,2023,2023-04-21,2,1.000
Hellas Verona,2023,2023-04-30,1,1.000
Hellas Verona,2023,2023-06-11,3,1.200
Hellas Verona,2023,2022-09-11,0,0.800
Hellas Verona,2023,2022-09-04,2,1.200
Hellas Verona,2023,2022-08-31,1,1.400
Hellas Verona,2023,2023-03-19,1,0.400
Hellas Verona,2023,2022-09-18,0,0.600
Hellas Verona,2023,2022-10-03,1,0.800
Hellas Verona,2023,2022-08-21,1,1.400
Hellas Verona,2023,2022-10-09,1,0.800
Hellas Verona,2023,2022-08-15,2,1.600
Hellas Verona,2023,2023-05-14,0,0.800
Hellas Verona,2023,2023-06-04,1,0.800
Hellas Verona,2023,2023-05-28,1,0.600
Hellas Verona,2023,2023-05-20,1,0.600
Hellas Verona,2023,2023-01-14,0,0.800
Hellas Verona,2023,2023-02-19,0,1.000
Hellas Verona,2023,2023-05-07,1,0.800
Hellas Verona,2023,2023-02-13,1,1.000
Hellas Verona,2023,2022-10-31,1,1.000
Hellas Verona,2023,2022-11-06,0,0.800
Hellas Verona,2023,2022-11-10,0,0.600
Hellas Verona,2023,2022-11-13,1,0.600
Hellas Verona,2023,2023-01-04,1,0.600
Hellas Verona,2023,2023-01-09,2,0.800
Hellas Verona,2023,2022-10-24,1,0.800
Hellas Verona,2023,2023-01-21,2,1.200
Hellas Verona,2023,2023-01-30,1,1.200
Hellas Verona,2023,2023-02-06,1,1.200
Hellas Verona,2023,2023-05-03,0,1.000
Hellas Verona,2023,2022-10-16,1,0.600
Hellas Verona,2023,2023-02-27,0,0.600
Hellas Verona,2023,2023-03-05,0,0.400
Hellas Verona,2023,2023-03-12,1,0.400
Internazionale,2023,2023-05-06,2,2.800
Internazionale,2023,2023-01-07,2,2.400
Internazionale,2023,2023-02-05,1,1.200
Internazionale,2023,2023-01-14,1,2.600
Internazionale,2023,2023-01-23,0,1.400
Internazionale,2023,2023-05-21,1,3.200
Internazionale,2023,2022-08-20,3,3.000
Internazionale,2023,2023-04-23,3,0.800
Internazionale,2023,2023-04-30,3,1.400
Internazionale,2023,2023-05-03,6,2.600
Internazionale,2023,2023-01-04,1,2.600
Internazionale,2023,2023-05-13,4,3.600
Internazionale,2023,2023-05-27,3,3.200
Internazionale,2023,2022-08-13,2,2.800
Internazionale,2023,2023-04-15,0,0.400
Internazionale,2023,2023-03-10,1,1.200
Internazionale,2023,2023-03-19,0,1.200
Internazionale,2023,2023-04-01,0,0.600
Internazionale,2023,2023-04-07,1,0.800
Internazionale,2023,2022-09-18,1,1.600
Internazionale,2023,2022-08-26,1,2.400
Internazionale,2023,2022-10-22,4,2.000
Internazionale,2023,2023-02-26,0,1.200
Internazionale,2023,2023-06-03,1,2.200
Internazionale,2023,2023-02-18,3,1.200
Internazionale,2023,2023-02-13,0,0.800
Internazionale,2023,2022-08-30,3,2.400
Internazionale,2023,2022-09-03,2,2.200
Internazionale,2023,2022-09-10,1,2.000
Internazionale,2023,2022-10-01,1,1.600
Internazionale,2023,2023-01-28,2,1.200
Internazionale,2023,2022-10-08,2,1.400
Internazionale,2023,2022-10-16,2,1.400
Internazionale,2023,2023-03-05,2,1.200
Internazionale,2023,2022-10-29,3,2.400
Internazionale,2023,2022-11-06,0,2.200
Internazionale,2023,2022-11-09,6,3.000
Internazionale,2023,2022-11-13,3,3.200
Juventus,2023,2022-09-18,0,1.200
Juventus,2023,2023-05-07,2,1.000
Juventus,2023,2023-05-03,2,0.800
Juventus,2023,2023-04-30,1,0.600
Juventus,2023,2023-04-23,0,0.600
Juventus,2023,2022-08-31,2,1.200
Juventus,2023,2023-04-16,0,1.400
Juventus,2023,2023-04-08,1,1.400
Juventus,2023,2023-03-19,1,2.200
Juventus,2023,2022-10-08,0,1.200
Juventus,2023,2023-05-14,2,1.400
Juventus,2023,2022-09-11,2,1.200
Juventus,2023,2022-09-03,1,1.400
Juventus,2023,2022-08-27,1,1.200
Juventus,2023,2022-11-13,3,2.200
Juventus,2023,2023-06-04,1,1.200
Juventus,2023,2022-08-22,0,1.200
Juventus,2023,2022-08-15,3,1.600
Juventus,2023,2023-04-01,1,2.000
Juventus,2023,2022-10-15,1,1.200
Juventus,2023,2022-10-21,4,1.600
Juventus,2023,2022-10-29,1,1.800
Juventus,2023,2022-11-06,2,1.600
Juventus,2023,2022-11-10,1,1.800
Juventus,2023,2023-01-04,1,1.600
Juventus,2023,2023-03-05,0,2.000
Juventus,2023,2023-01-07,1,1.600
Juventus,2023,2023-01-13,1,1.400
Juventus,2023,2023-01-22,3,1.800
Juventus,2023,2023-05-28,0,1.400
Juventus,2023,2023-01-29,0,1.200
Juventus,2023,2023-02-07,3,1.600
Juventus,2023,2023-02-12,1,1.600
Juventus,2023,2023-02-19,2,1.800
Juventus,2023,2023-02-28,4,2.000
Juventus,2023,2022-10-02,3,1.600
Juventus,2023,2023-03-12,4,2.200
Juventus,2023,2023-05-22,1,1.600
Lazio,2023,2022-08-14,2,2.600
Lazio,2023,2022-10-23,2,2.800
Lazio,2023,2022-10-16,0,2.800
Lazio,2023,2022-10-10,4,3.000
Lazio,2023,2023-01-29,1,2.000
Lazio,2023,2022-09-18,4,2.200
Lazio,2023,2022-09-11,2,1.400
Lazio,2023,2022-08-31,1,1.800
Lazio,2023,2022-08-26,3,2.000
Lazio,2023,2022-08-20,0,1.800
Lazio,2023,2022-10-30,1,2.200
Lazio,2023,2022-09-03,1,1.400
Lazio,2023,2023-02-06,1,2.000
Lazio,2023,2023-04-30,1,1.600
Lazio,2023,2023-05-06,0,1.200
Lazio,2023,2023-06-03,2,1.600
Lazio,2023,2023-05-28,3,1.600
Lazio,2023,2023-05-21,1,1.200
Lazio,2023,2023-05-12,2,1.000
Lazio,2023,2023-05-03,2,1.600
Lazio,2023,2023-02-27,1,1.000
Lazio,2023,2023-02-19,2,1.600
Lazio,2023,2023-03-03,1,1.000
Lazio,2023,2023-03-11,0,0.800
Lazio,2023,2023-03-19,1,1.000
Lazio,2023,2023-04-02,2,1.000
Lazio,2023,2023-04-08,2,1.200
Lazio,2023,2023-04-14,3,1.600
Lazio,2023,2023-04-22,0,1.600
Lazio,2023,2023-02-11,0,1.600
Lazio,2023,2022-10-02,4,2.400
Lazio,2023,2023-01-24,4,1.800
Lazio,2023,2023-01-15,2,1.200
Lazio,2023,2023-01-08,2,1.000
Lazio,2023,2023-01-04,1,0.800
Lazio,2023,2022-11-13,0,1.000
Lazio,2023,2022-11-10,1,1.000
Lazio,2023,2022-11-06,1,1.600
Lecce,2023,2022-08-13,1,1.000
Lecce,2023,2023-04-16,1,0.400
Lecce,2023,2023-04-23,0,0.400
Lecce,2023,2023-04-28,1,0.600
Lecce,2023,2023-05-03,1,0.800
Lecce,2023,2023-05-07,0,0.600
Lecce,2023,2023-05-21,0,0.800
Lecce,2023,2023-05-28,1,0.800
Lecce,2023,2023-06-04,2,1.000
Lecce,2023,2023-01-27,1,1.000
Lecce,2023,2023-04-07,1,0.200
Lecce,2023,2023-01-21,0,1.200
Lecce,2023,2023-02-19,2,1.200
Lecce,2023,2023-02-11,1,1.200
Lecce,2023,2023-01-14,2,1.600
Lecce,2023,2023-01-08,0,1.400
Lecce,2023,2023-01-04,2,1.400
Lecce,2023,2022-11-12,2,1.000
Lecce,2023,2022-11-04,1,0.600
Lecce,2023,2022-08-20,0,0.500
Lecce,2023,2023-03-12,0,0.600
Lecce,2023,2022-09-16,2,1.000
Lecce,2023,2022-10-02,1,1.000
Lecce,2023,2022-10-09,1,1.000
Lecce,2023,2022-10-17,1,1.200
Lecce,2023,2022-09-11,1,0.600
Lecce,2023,2022-09-05,0,0.600
Lecce,2023,2022-08-31,1,0.750
Lecce,2023,2022-08-28,1,0.666
Lecce,2023,2022-10-29,0,0.600
Lecce,2023,2023-02-04,2,1.000
Lecce,2023,2022-10-23,0,1.000
Lecce,2023,2022-11-09,2,0.800
Lecce,2023,2023-03-19,0,0.400
Lecce,2023,2023-03-05,0,1.000
Lecce,2023,2023-02-25,0,1.200
Lecce,2023,2023-05-12,2,0.800
Lecce,2023,2023-04-03,0,0.000
Milan,2023,2022-10-30,1,2.400
Milan,2023,2022-10-08,2,2.200
Milan,2023,2022-08-27,2,2.400
Milan,2023,2023-01-24,0,1.600
Milan,2023,2023-01-14,2,1.600
Milan,2023,2022-08-21,1,2.600
Milan,2023,2023-01-04,2,1.400
Milan,2023,2022-11-13,2,1.800
Milan,2023,2022-11-08,0,1.800
Milan,2023,2022-11-05,2,2.200
Milan,2023,2023-02-10,1,1.000
Milan,2023,2022-10-16,2,2.000
Milan,2023,2023-02-05,0,1.200
Milan,2023,2022-10-01,3,1.800
Milan,2023,2022-09-18,1,1.600
Milan,2023,2022-09-10,2,1.600
Milan,2023,2022-09-03,3,2.000
Milan,2023,2022-08-30,0,2.000
Milan,2023,2022-10-22,4,2.400
Milan,2023,2023-04-23,2,1.600
Milan,2023,2023-01-08,2,1.600
Milan,2023,2023-04-07,0,1.400
Milan,2023,2022-08-13,4,2.600
Milan,2023,2023-04-29,1,1.600
Milan,2023,2023-05-28,1,1.800
Milan,2023,2023-05-20,5,1.800
Milan,2023,2023-05-13,0,1.200
Milan,2023,2023-05-06,2,1.400
Milan,2023,2023-05-03,1,1.000
Milan,2023,2023-06-04,3,2.200
Milan,2023,2023-04-15,1,1.400
Milan,2023,2023-01-29,2,1.600
Milan,2023,2023-04-02,4,1.800
Milan,2023,2023-03-18,1,1.200
Milan,2023,2023-03-13,1,1.200
Milan,2023,2023-03-04,1,1.000
Milan,2023,2023-02-26,2,1.200
Milan,2023,2023-02-18,1,0.800
Monza,2023,2023-05-19,2,1.600
Monza,2023,2022-09-05,0,0.400
Monza,2023,2022-08-30,0,0.500
Monza,2023,2022-08-26,1,0.666
Monza,2023,2022-08-21,0,0.500
Monza,2023,2022-08-13,1,1.000
Monza,2023,2022-09-18,1,0.600
Monza,2023,2023-03-12,1,0.800
Monza,2023,2023-06-04,2,1.400
Monza,2023,2023-05-28,0,1.200
Monza,2023,2022-09-11,1,0.400
Monza,2023,2023-05-07,1,1.600
Monza,2023,2023-05-03,1,1.800
Monza,2023,2023-04-28,2,1.600
Monza,2023,2023-04-15,1,1.000
Monza,2023,2023-03-04,2,1.000
Monza,2023,2023-04-08,2,1.200
Monza,2023,2023-04-02,0,0.800
Monza,2023,2023-03-18,1,0.800
Monza,2023,2023-02-12,1,1.800
Monza,2023,2022-11-13,3,1.400
Monza,2023,2023-01-04,1,1.400
Monza,2023,2023-01-07,2,1.600
Monza,2023,2023-01-14,3,1.800
Monza,2023,2023-01-22,1,2.000
Monza,2023,2023-01-29,2,1.800
Monza,2023,2023-04-23,3,1.400
Monza,2023,2023-02-06,2,2.000
Monza,2023,2023-05-14,2,1.800
Monza,2023,2022-11-10,0,0.800
Monza,2023,2023-02-18,0,1.200
Monza,2023,2023-02-26,0,1.000
Monza,2023,2022-11-06,2,1.200
Monza,2023,2022-10-31,1,1.400
Monza,2023,2022-10-22,1,1.400
Monza,2023,2022-10-15,0,1.400
Monza,2023,2022-10-09,2,1.400
Monza,2023,2022-10-02,3,1.000
Napoli,2023,2023-01-04,0,2.200
Napoli,2023,2023-06-04,2,1.600
Napoli,2023,2022-11-05,2,2.800
Napoli,2023,2022-10-29,4,3.000
Napoli,2023,2022-10-23,1,2.600
Napoli,2023,2022-10-16,3,2.600
Napoli,2023,2022-10-09,4,2.400
Napoli,2023,2022-10-01,3,1.800
Napoli,2023,2022-09-18,2,1.200
Napoli,2023,2022-09-10,1,1.600
Napoli,2023,2022-09-03,2,2.400
Napoli,2023,2022-08-31,1,2.600
Napoli,2023,2022-08-28,0,3.000
Napoli,2023,2022-08-15,5,3.600
Napoli,2023,2022-08-21,4,3.200
Napoli,2023,2023-05-28,2,1.400
Napoli,2023,2022-11-12,3,2.400
Napoli,2023,2023-05-21,3,1.200
Napoli,2023,2022-11-08,2,2.400
Napoli,2023,2023-03-11,2,1.800
Napoli,2023,2023-05-14,0,0.800
Napoli,2023,2023-01-13,5,2.400
Napoli,2023,2023-01-21,2,2.400
Napoli,2023,2023-01-29,2,2.200
Napoli,2023,2023-02-05,3,2.800
Napoli,2023,2023-02-12,3,3.000
Napoli,2023,2023-02-17,2,2.400
Napoli,2023,2023-02-25,2,2.400
Napoli,2023,2023-03-03,0,2.000
Napoli,2023,2023-01-08,2,1.800
Napoli,2023,2023-03-19,4,2.000
Napoli,2023,2023-04-02,0,1.600
Napoli,2023,2023-04-07,2,1.600
Napoli,2023,2023-04-15,0,1.600
Napoli,2023,2023-04-23,1,1.400
Napoli,2023,2023-04-30,1,0.800
Napoli,2023,2023-05-04,1,1.000
Napoli,2023,2023-05-07,1,0.800
Roma,2023,2023-05-14,0,0.600
Roma,2023,2022-09-04,0,1.200
Roma,2023,2023-04-29,1,1.800
Roma,2023,2023-02-04,2,1.800
Roma,2023,2023-04-16,3,2.000
Roma,2023,2023-04-24,1,1.600
Roma,2023,2023-05-03,1,1.400
Roma,2023,2023-01-04,1,1.200
Roma,2023,2022-08-14,1,1.000
Roma,2023,2023-05-06,0,1.200
Roma,2023,2022-09-12,2,1.400
Roma,2023,2022-11-13,1,1.000
Roma,2023,2023-04-02,3,1.600
Roma,2023,2023-03-19,0,1.200
Roma,2023,2023-03-12,3,1.400
Roma,2023,2023-03-05,1,1.200
Roma,2023,2023-02-28,1,1.200
Roma,2023,2023-02-19,1,1.400
Roma,2023,2023-02-11,1,1.600
Roma,2023,2022-10-23,0,1.000
Roma,2023,2023-01-22,2,1.600
Roma,2023,2023-01-15,2,1.400
Roma,2023,2023-01-08,2,1.000
Roma,2023,2023-05-22,2,0.800
Roma,2023,2023-04-08,1,1.600
Roma,2023,2022-11-09,1,1.000
Roma,2023,2022-11-06,0,1.200
Roma,2023,2022-10-31,3,1.600
Roma,2023,2023-05-27,1,0.800
Roma,2023,2022-10-17,1,1.400
Roma,2023,2023-01-29,1,1.600
Roma,2023,2023-06-04,2,1.000
Roma,2023,2022-08-22,1,1.200
Roma,2023,2022-08-27,1,1.400
Roma,2023,2022-10-09,2,1.200
Roma,2023,2022-08-30,3,1.800
Roma,2023,2022-10-01,2,1.400
Roma,2023,2022-09-18,0,1.200
Salernitana,2023,2023-05-22,2,1.600
Salernitana,2023,2022-09-11,2,1.800
Salernitana,2023,2023-04-30,1,1.400
Salernitana,2023,2023-05-03,3,1.800
Salernitana,2023,2023-05-08,1,1.800
Salernitana,2023,2022-08-28,4,1.000
Salernitana,2023,2022-08-20,0,0.400
Salernitana,2023,2022-08-14,0,0.800
Salernitana,2023,2023-05-13,1,1.800
Salernitana,2023,2023-02-13,0,0.800
Salernitana,2023,2023-03-18,2,1.200
Salernitana,2023,2023-05-27,3,2.000
Salernitana,2023,2023-06-03,0,1.400
Salernitana,2023,2023-04-22,3,1.600
Salernitana,2023,2023-01-04,1,1.400
Salernitana,2023,2022-09-01,1,1.000
Salernitana,2023,2023-04-16,1,1.200
Salernitana,2023,2022-09-05,2,1.400
Salernitana,2023,2022-09-16,1,2.000
Salernitana,2023,2023-04-07,1,1.000
Salernitana,2023,2022-10-22,1,0.800
Salernitana,2023,2022-10-16,0,1.000
Salernitana,2023,2022-10-09,2,1.400
Salernitana,2023,2022-10-02,0,1.200
Salernitana,2023,2023-04-02,1,1.400
Salernitana,2023,2022-11-05,2,1.600
Salernitana,2023,2022-11-09,1,1.400
Salernitana,2023,2022-11-13,0,1.400
Salernitana,2023,2023-01-08,1,1.000
Salernitana,2023,2022-10-30,3,1.200
Salernitana,2023,2023-01-15,2,1.000
Salernitana,2023,2023-01-21,0,0.800
Salernitana,2023,2023-01-27,2,1.200
Salernitana,2023,2023-02-07,0,1.000
Salernitana,2023,2023-02-19,0,0.400
Salernitana,2023,2023-02-26,3,1.000
Salernitana,2023,2023-03-05,0,0.600
Salernitana,2023,2023-03-13,1,0.800
Sampdoria,2023,2023-04-08,2,1.400
Sampdoria,2023,2023-05-26,2,0.800
Sampdoria,2023,2023-01-22,0,0.400
Sampdoria,2023,2023-05-15,1,0.400
Sampdoria,2023,2023-05-08,0,0.400
Sampdoria,2023,2023-01-16,0,0.400
Sampdoria,2023,2023-05-03,0,0.800
Sampdoria,2023,2023-04-30,0,0.800
Sampdoria,2023,2023-04-22,1,1.400
Sampdoria,2023,2023-04-16,1,1.600
Sampdoria,2023,2022-10-08,1,0.800
Sampdoria,2023,2023-03-19,3,1.200
Sampdoria,2023,2023-03-05,0,0.600
Sampdoria,2023,2023-02-27,0,0.600
Sampdoria,2023,2023-02-18,1,0.600
Sampdoria,2023,2023-02-13,0,0.400
Sampdoria,2023,2023-02-06,2,0.400
Sampdoria,2023,2023-04-02,0,1.000
Sampdoria,2023,2023-01-28,0,0.400
Sampdoria,2023,2022-08-28,0,0.800
Sampdoria,2023,2022-10-02,0,0.800
Sampdoria,2023,2022-09-04,1,0.400
Sampdoria,2023,2023-01-08,0,0.400
Sampdoria,2023,2023-01-04,2,0.400
Sampdoria,2023,2022-11-12,0,0.200
Sampdoria,2023,2023-03-12,2,0.600
Sampdoria,2023,2022-08-22,0,0.800
Sampdoria,2023,2023-06-04,0,0.800
Sampdoria,2023,2022-08-13,0,1.000
Sampdoria,2023,2022-09-17,1,0.800
Sampdoria,2023,2022-08-31,1,0.200
Sampdoria,2023,2023-05-20,1,0.400
Sampdoria,2023,2022-09-10,1,0.600
Sampdoria,2023,2022-11-09,0,0.200
Sampdoria,2023,2022-11-06,0,0.400
Sampdoria,2023,2022-10-29,0,0.400
Sampdoria,2023,2022-10-24,1,0.600
Sampdoria,2023,2022-10-17,0,0.600
Sassuolo,2023,2023-04-30,2,1.000
Sassuolo,2023,2023-02-17,0,1.800
Sassuolo,2023,2023-05-03,0,0.800
Sassuolo,2023,2023-05-08,1,0.800
Sassuolo,2023,2023-05-13,2,1.000
Sassuolo,2023,2023-05-19,1,1.200
Sassuolo,2023,2023-05-26,2,1.200
Sassuolo,2023,2022-08-20,1,1.000
Sassuolo,2023,2022-08-15,0,1.000
Sassuolo,2023,2023-06-02,1,1.400
Sassuolo,2023,2023-01-07,1,0.600
Sassuolo,2023,2023-01-04,1,0.400
Sassuolo,2023,2023-04-16,1,1.600
Sassuolo,2023,2023-04-08,1,2.000
Sassuolo,2023,2023-04-03,1,2.000
Sassuolo,2023,2023-03-17,1,1.800
Sassuolo,2023,2023-03-12,4,2.000
Sassuolo,2023,2023-03-06,3,1.400
Sassuolo,2023,2023-02-25,1,1.800
Sassuolo,2023,2023-01-15,0,0.600
Sassuolo,2023,2022-09-17,1,0.800
Sassuolo,2023,2022-09-11,1,0.800
Sassuolo,2023,2022-09-04,0,0.600
Sassuolo,2023,2023-02-12,2,1.800
Sassuolo,2023,2022-08-30,0,0.600
Sassuolo,2023,2022-08-27,2,1.200
Sassuolo,2023,2023-01-22,1,0.600
Sassuolo,2023,2023-01-29,5,1.600
Sassuolo,2023,2023-02-04,1,1.600
Sassuolo,2023,2022-10-02,5,1.400
Sassuolo,2023,2022-10-08,1,1.600
Sassuolo,2023,2022-10-15,1,1.800
Sassuolo,2023,2022-10-24,2,2.000
Sassuolo,2023,2022-10-29,0,1.800
Sassuolo,2023,2022-11-05,0,0.800
Sassuolo,2023,2022-11-09,1,0.800
Sassuolo,2023,2022-11-12,0,0.600
Sassuolo,2023,2023-04-22,0,0.800
Spezia,2023,2022-10-16,2,0.800
Spezia,2023,2023-02-05,0,0.200
Spezia,2023,2022-08-20,0,1.000
Spezia,2023,2022-08-14,1,1.600
Spezia,2023,2022-08-27,2,1.200
Spezia,2023,2022-08-31,0,0.600
Spezia,2023,2022-09-10,0,0.800
Spezia,2023,2022-09-17,2,1.200
Spezia,2023,2022-10-02,0,0.800
Spezia,2023,2022-10-09,0,0.800
Spezia,2023,2023-01-27,0,0.600
Spezia,2023,2022-10-30,1,0.600
Spezia,2023,2022-11-05,1,0.800
Spezia,2023,2022-11-13,2,1.000
Spezia,2023,2023-01-04,2,1.400
Spezia,2023,2023-01-08,0,1.200
Spezia,2023,2023-01-15,1,1.200
Spezia,2023,2022-09-04,2,1.000
Spezia,2023,2023-01-22,0,1.000
Spezia,2023,2022-10-22,0,0.800
Spezia,2023,2023-04-22,1,0.600
Spezia,2023,2023-02-19,0,0.400
Spezia,2023,2023-02-26,2,0.800
Spezia,2023,2023-03-05,0,0.800
Spezia,2023,2023-03-10,2,1.200
Spezia,2023,2023-03-17,0,0.800
Spezia,2023,2023-04-02,1,1.000
Spezia,2023,2023-04-08,1,0.800
Spezia,2023,2022-11-08,1,1.000
Spezia,2023,2023-04-14,0,0.800
Spezia,2023,2023-02-11,2,0.600
Spezia,2023,2023-04-28,0,0.600
Spezia,2023,2023-05-06,0,0.600
Spezia,2023,2023-05-13,2,1.000
Spezia,2023,2023-05-21,0,0.800
Spezia,2023,2023-05-27,0,0.800
Spezia,2023,2023-06-04,1,0.600
Spezia,2023,2023-06-11,1,0.800
Spezia,2023,2023-05-03,2,0.800
Torino,2023,2022-09-05,1,1.200
Torino,2023,2022-11-13,1,1.600
Torino,2023,2023-06-03,0,1.400
Torino,2023,2023-05-27,4,1.800
Torino,2023,2022-10-30,2,1.200
Torino,2023,2022-10-23,2,0.800
Torino,2023,2022-10-15,0,0.400
Torino,2023,2022-10-09,1,0.600
Torino,2023,2022-10-01,1,0.600
Torino,2023,2022-09-17,0,0.800
Torino,2023,2023-03-06,1,1.200
Torino,2023,2022-09-01,1,1.000
Torino,2023,2022-08-27,2,1.000
Torino,2023,2022-11-06,1,1.200
Torino,2023,2022-08-13,2,1.200
Torino,2023,2022-09-10,0,0.800
Torino,2023,2022-08-20,0,0.600
Torino,2023,2022-11-09,2,1.400
Torino,2023,2023-01-04,1,1.400
Torino,2023,2023-04-03,1,1.200
Torino,2023,2023-01-08,1,1.200
Torino,2023,2023-02-28,2,1.400
Torino,2023,2023-02-20,2,1.200
Torino,2023,2023-02-10,0,0.800
Torino,2023,2023-02-05,1,1.000
Torino,2023,2023-01-28,2,1.000
Torino,2023,2023-01-21,1,0.800
Torino,2023,2023-01-15,0,1.000
Torino,2023,2023-03-12,2,1.400
Torino,2023,2023-03-19,0,1.400
Torino,2023,2023-04-08,0,0.800
Torino,2023,2023-04-16,1,0.800
Torino,2023,2023-04-22,1,0.600
Torino,2023,2023-04-29,1,0.800
Torino,2023,2023-05-03,2,1.000
Torino,2023,2023-05-07,1,1.200
Torino,2023,2023-05-14,1,1.200
Torino,2023,2023-05-21,1,1.200
Udinese,2023,2022-08-31,1,1.800
Udinese,2023,2023-02-26,2,1.200
Udinese,2023,2023-03-04,0,1.000
Udinese,2023,2023-03-11,1,1.200
Udinese,2023,2023-03-18,3,1.400
Udinese,2023,2023-04-02,0,1.200
Udinese,2023,2023-04-08,2,1.200
Udinese,2023,2023-04-16,0,1.200
Udinese,2023,2023-04-23,3,1.600
Udinese,2023,2023-04-28,0,1.000
Udinese,2023,2023-02-18,1,1.000
Udinese,2023,2023-05-08,2,1.200
Udinese,2023,2023-05-14,0,1.200
Udinese,2023,2023-05-21,0,0.600
Udinese,2023,2023-05-27,2,1.000
Udinese,2023,2022-08-20,0,1.800
Udinese,2023,2023-06-04,0,0.800
Udinese,2023,2022-08-13,2,2.000
Udinese,2023,2023-05-04,1,1.200
Udinese,2023,2022-08-26,2,2.000
Udinese,2023,2022-09-04,4,1.800
Udinese,2023,2022-10-16,0,2.000
Udinese,2023,2022-10-09,2,2.800
Udinese,2023,2022-10-03,2,2.600
Udinese,2023,2022-09-18,3,2.600
Udinese,2023,2022-09-11,3,2.000
Udinese,2023,2022-11-08,1,0.600
Udinese,2023,2022-10-30,0,1.000
Udinese,2023,2022-11-04,1,0.800
Udinese,2023,2022-10-23,1,1.600
Udinese,2023,2023-02-12,2,1.000
Udinese,2023,2023-02-05,0,0.600
Udinese,2023,2023-01-30,1,0.800
Udinese,2023,2023-01-22,1,1.000
Udinese,2023,2023-01-15,1,1.000
Udinese,2023,2023-01-07,0,1.000
Udinese,2023,2023-01-04,1,1.000
Udinese,2023,2022-11-12,2,1.000
Atalanta,2024,2024-02-17,3,3.400
Atalanta,2024,2024-02-11,4,3.000
Atalanta,2024,2023-12-30,1,1.600
Atalanta,2024,2024-01-07,1,1.800
Atalanta,2024,2023-12-23,0,1.600
Atalanta,2024,2023-12-18,4,1.800
Atalanta,2024,2023-12-09,3,1.200
Atalanta,2024,2024-01-15,5,2.200
Atalanta,2024,2024-01-27,2,1.800
Atalanta,2024,2024-02-04,3,2.400
Atalanta,2024,2024-04-28,2,2.000
Atalanta,2024,2024-02-28,0,2.200
Atalanta,2024,2024-03-03,1,1.800
Atalanta,2024,2024-03-10,2,1.400
Atalanta,2024,2024-02-25,1,2.600
Atalanta,2024,2024-04-21,2,2.000
Atalanta,2024,2024-04-15,2,1.800
Atalanta,2024,2024-04-07,1,1.400
Atalanta,2024,2024-03-30,3,1.400
Atalanta,2024,2023-12-04,0,1.200
Atalanta,2024,2023-08-20,2,2.400
Atalanta,2024,2023-08-26,1,2.600
Atalanta,2024,2023-11-25,1,1.600
Atalanta,2024,2023-09-17,2,2.600
Atalanta,2024,2023-09-24,2,2.000
Atalanta,2024,2023-09-27,1,1.800
Atalanta,2024,2023-10-01,0,1.600
Atalanta,2024,2023-10-08,2,1.400
Atalanta,2024,2023-10-22,2,1.400
Atalanta,2024,2023-10-30,3,1.600
Atalanta,2024,2023-11-04,1,1.600
Atalanta,2024,2023-11-12,1,1.800
Atalanta,2024,2023-09-02,3,2.600
Atalanta,2024,2024-05-06,2,1.800
Atalanta,2024,2024-05-12,2,2.000
Atalanta,2024,2024-05-18,2,2.000
Atalanta,2024,2024-05-26,3,2.200
Atalanta,2024,2024-06-02,2,2.200
Bologna,2024,2023-10-01,3,1.000
Bologna,2024,2023-12-17,2,1.600
Bologna,2024,2023-12-10,2,1.400
Bologna,2024,2023-12-03,1,1.200
Bologna,2024,2023-11-27,2,1.400
Bologna,2024,2023-11-12,1,1.400
Bologna,2024,2023-11-03,1,1.800
Bologna,2024,2024-05-24,0,1.200
Bologna,2024,2023-10-22,2,1.400
Bologna,2024,2024-05-11,2,1.200
Bologna,2024,2023-12-23,1,1.600
Bologna,2024,2023-09-28,0,0.600
Bologna,2024,2023-09-24,0,0.600
Bologna,2024,2023-09-18,0,1.200
Bologna,2024,2023-09-02,2,1.600
Bologna,2024,2023-08-27,1,2.200
Bologna,2024,2023-08-21,0,2.000
Bologna,2024,2023-10-28,1,1.600
Bologna,2024,2024-05-20,3,1.800
Bologna,2024,2024-02-23,2,2.800
Bologna,2024,2024-05-03,0,0.800
Bologna,2024,2024-04-28,1,1.400
Bologna,2024,2024-04-22,3,1.400
Bologna,2024,2024-04-13,0,0.800
Bologna,2024,2024-04-07,0,1.200
Bologna,2024,2024-04-01,3,1.600
Bologna,2024,2024-01-05,1,1.200
Bologna,2024,2024-03-09,0,1.600
Bologna,2024,2024-03-03,2,2.400
Bologna,2024,2024-03-15,1,1.400
Bologna,2024,2024-02-18,2,2.800
Bologna,2024,2024-02-14,2,2.600
Bologna,2024,2024-02-11,4,2.400
Bologna,2024,2024-02-03,4,1.600
Bologna,2024,2024-01-27,2,1.000
Bologna,2024,2024-01-14,1,1.000
Bologna,2024,2023-12-30,0,1.200
Bologna,2024,2023-10-07,2,1.000
Cagliari,2024,2023-08-21,0,0.600
Cagliari,2024,2023-08-28,0,0.400
Cagliari,2024,2024-01-14,2,0.800
Cagliari,2024,2024-03-16,0,1.400
Cagliari,2024,2024-03-09,4,1.600
Cagliari,2024,2024-03-03,1,0.800
Cagliari,2024,2024-02-25,1,0.800
Cagliari,2024,2024-02-18,1,0.800
Cagliari,2024,2024-02-10,1,1.000
Cagliari,2024,2024-02-05,0,1.000
Cagliari,2024,2024-01-26,1,1.000
Cagliari,2024,2024-01-21,1,0.800
Cagliari,2024,2024-04-01,1,1.400
Cagliari,2024,2024-01-06,1,0.800
Cagliari,2024,2023-12-30,0,0.600
Cagliari,2024,2023-12-23,0,0.800
Cagliari,2024,2023-12-16,1,1.000
Cagliari,2024,2023-12-11,2,1.200
Cagliari,2024,2023-12-02,0,1.600
Cagliari,2024,2023-11-26,1,2.000
Cagliari,2024,2023-11-11,1,2.000
Cagliari,2024,2023-11-05,2,1.800
Cagliari,2024,2024-05-23,2,1.200
Cagliari,2024,2024-05-19,2,1.200
Cagliari,2024,2024-05-11,1,1.200
Cagliari,2024,2024-05-05,1,1.400
Cagliari,2024,2024-04-29,0,1.400
Cagliari,2024,2024-04-19,2,1.400
Cagliari,2024,2024-04-14,2,1.800
Cagliari,2024,2024-04-07,2,1.600
Cagliari,2024,2023-09-02,1,0.400
Cagliari,2024,2023-09-17,0,0.200
Cagliari,2024,2023-09-24,0,0.200
Cagliari,2024,2023-09-27,1,0.400
Cagliari,2024,2023-10-02,0,0.400
Cagliari,2024,2023-10-08,1,0.400
Cagliari,2024,2023-10-22,2,0.800
Cagliari,2024,2023-10-29,4,1.600
Empoli,2024,2023-10-23,2,0.600
Empoli,2024,2023-12-30,0,0.400
Empoli,2024,2023-12-22,0,1.000
Empoli,2024,2023-09-27,1,0.200
Empoli,2024,2023-12-11,1,1.400
Empoli,2024,2023-12-02,1,1.200
Empoli,2024,2023-11-26,3,1.400
Empoli,2024,2023-11-12,1,0.800
Empoli,2024,2023-11-06,1,0.600
Empoli,2024,2023-10-30,0,0.600
Empoli,2024,2023-10-06,0,0.200
Empoli,2024,2024-02-09,3,1.600
Empoli,2024,2023-10-01,0,0.200
Empoli,2024,2023-12-16,0,1.200
Empoli,2024,2024-01-07,0,0.200
Empoli,2024,2024-01-13,1,0.200
Empoli,2024,2024-01-21,3,0.800
Empoli,2024,2024-01-27,1,1.000
Empoli,2024,2024-02-03,0,1.000
Empoli,2024,2023-08-19,0,1.200
Empoli,2024,2023-08-26,0,1.000
Empoli,2024,2023-09-03,0,0.200
Empoli,2024,2023-09-17,0,0.000
Empoli,2024,2023-09-24,0,0.000
Empoli,2024,2024-04-28,0,0.800
Empoli,2024,2024-02-24,3,1.600
Empoli,2024,2024-03-03,0,1.400
Empoli,2024,2024-03-10,0,1.400
Empoli,2024,2024-03-15,0,0.800
Empoli,2024,2024-04-01,0,0.600
Empoli,2024,2024-04-06,3,0.600
Empoli,2024,2024-04-13,0,0.600
Empoli,2024,2024-04-20,1,0.800
Empoli,2024,2024-05-05,0,0.800
Empoli,2024,2024-05-12,0,0.200
Empoli,2024,2024-05-19,1,0.400
Empoli,2024,2024-05-26,2,0.600
Empoli,2024,2024-02-18,1,1.600
Fiorentina,2024,2023-09-28,1,1.600
Fiorentina,2024,2024-04-15,1,0.800
Fiorentina,2024,2023-10-30,0,1.400
Fiorentina,2024,2024-01-06,0,0.800
Fiorentina,2024,2023-12-22,1,1.200
Fiorentina,2024,2023-12-17,1,1.400
Fiorentina,2024,2023-12-10,1,1.200
Fiorentina,2024,2023-12-03,3,1.000
Fiorentina,2024,2023-11-25,0,0.400
Fiorentina,2024,2023-10-02,3,1.800
Fiorentina,2024,2024-04-07,0,1.000
Fiorentina,2024,2023-09-24,2,2.200
Fiorentina,2024,2023-09-17,3,2.400
Fiorentina,2024,2023-11-12,2,1.000
Fiorentina,2024,2023-09-03,0,2.200
Fiorentina,2024,2023-11-05,0,1.200
Fiorentina,2024,2023-08-27,2,2.400
Fiorentina,2024,2023-08-19,4,2.400
Fiorentina,2024,2024-03-10,2,1.000
Fiorentina,2024,2024-01-28,0,0.800
Fiorentina,2024,2023-12-29,1,1.400
Fiorentina,2024,2024-02-11,5,1.800
Fiorentina,2024,2024-05-23,3,2.600
Fiorentina,2024,2024-05-17,2,2.400
Fiorentina,2024,2024-05-13,2,2.200
Fiorentina,2024,2024-05-05,1,1.800
Fiorentina,2024,2024-04-28,5,1.800
Fiorentina,2024,2024-04-21,2,1.200
Fiorentina,2024,2024-01-14,2,1.000
Fiorentina,2024,2023-10-23,0,1.800
Fiorentina,2024,2024-02-02,2,1.000
Fiorentina,2024,2023-10-08,3,2.400
Fiorentina,2024,2024-02-14,0,1.800
Fiorentina,2024,2024-02-18,1,1.600
Fiorentina,2024,2024-02-26,2,2.000
Fiorentina,2024,2024-03-02,0,1.600
Fiorentina,2024,2024-06-02,3,2.200
Fiorentina,2024,2024-03-30,1,1.200
Frosinone,2024,2024-02-18,0,1.400
Frosinone,2024,2023-12-29,1,0.800
Frosinone,2024,2023-12-23,1,1.000
Frosinone,2024,2024-02-25,2,1.200
Frosinone,2024,2023-08-19,1,1.000
Frosinone,2024,2024-01-15,0,1.000
Frosinone,2024,2024-01-21,3,1.400
Frosinone,2024,2024-01-28,1,1.400
Frosinone,2024,2024-02-03,2,1.600
Frosinone,2024,2024-02-11,1,1.400
Frosinone,2024,2023-10-22,1,1.000
Frosinone,2024,2024-03-03,1,1.200
Frosinone,2024,2024-03-16,2,1.000
Frosinone,2024,2024-03-30,1,1.200
Frosinone,2024,2024-04-07,0,0.800
Frosinone,2024,2024-04-14,2,1.000
Frosinone,2024,2024-04-21,0,1.000
Frosinone,2024,2024-04-26,3,1.200
Frosinone,2024,2024-05-05,0,1.000
Frosinone,2024,2023-10-29,3,1.400
Frosinone,2024,2023-08-26,2,1.500
Frosinone,2024,2023-09-02,0,1.000
Frosinone,2024,2023-09-17,4,1.750
Frosinone,2024,2023-09-22,1,1.600
Frosinone,2024,2023-09-28,1,1.600
Frosinone,2024,2023-10-01,0,1.200
Frosinone,2024,2023-10-08,2,1.600
Frosinone,2024,2024-05-10,0,1.000
Frosinone,2024,2024-01-06,2,1.000
Frosinone,2024,2024-03-09,0,0.800
Frosinone,2024,2023-11-06,2,1.600
Frosinone,2024,2023-11-12,0,1.600
Frosinone,2024,2023-11-26,2,1.600
Frosinone,2024,2023-12-02,1,1.600
Frosinone,2024,2023-12-10,0,1.000
Frosinone,2024,2023-12-16,1,0.800
Frosinone,2024,2024-05-19,1,0.800
Frosinone,2024,2024-05-26,0,0.800
Genoa,2024,2024-01-13,0,1.000
Genoa,2024,2023-10-01,2,1.600
Genoa,2024,2023-12-10,0,0.800
Genoa,2024,2023-12-02,1,1.000
Genoa,2024,2023-11-26,1,0.800
Genoa,2024,2023-11-10,1,0.600
Genoa,2024,2023-11-05,1,0.800
Genoa,2024,2023-10-27,1,1.400
Genoa,2024,2023-10-22,0,1.200
Genoa,2024,2023-10-07,0,1.600
Genoa,2024,2024-04-19,0,0.800
Genoa,2024,2024-01-21,2,1.200
Genoa,2024,2023-12-15,1,0.800
Genoa,2024,2024-01-28,2,1.200
Genoa,2024,2024-05-19,0,1.600
Genoa,2024,2024-05-12,2,1.800
Genoa,2024,2024-05-05,3,1.800
Genoa,2024,2024-04-29,3,1.400
Genoa,2024,2023-09-28,4,1.400
Genoa,2024,2024-04-07,2,1.200
Genoa,2024,2023-09-22,0,0.800
Genoa,2024,2024-03-30,1,1.200
Genoa,2024,2024-03-17,0,1.200
Genoa,2024,2023-12-29,1,1.000
Genoa,2024,2024-03-09,2,1.400
Genoa,2024,2024-03-04,1,1.000
Genoa,2024,2024-02-24,2,1.200
Genoa,2024,2024-02-17,1,1.200
Genoa,2024,2024-02-11,1,1.000
Genoa,2024,2024-04-15,1,1.200
Genoa,2024,2024-02-03,0,1.000
Genoa,2024,2023-09-16,2,0.800
Genoa,2024,2023-09-03,0,0.400
Genoa,2024,2023-08-27,1,0.800
Genoa,2024,2024-05-24,2,2.000
Genoa,2024,2024-01-05,1,1.000
Genoa,2024,2023-08-19,1,0.600
Genoa,2024,2023-12-22,2,1.000
Hellas Verona,2024,2024-04-27,0,1.000
Hellas Verona,2024,2024-02-04,1,1.200
Hellas Verona,2024,2024-02-11,0,1.000
Hellas Verona,2024,2024-02-17,2,1.000
Hellas Verona,2024,2024-02-23,0,0.800
Hellas Verona,2024,2024-03-10,1,0.800
Hellas Verona,2024,2024-03-17,1,1.000
Hellas Verona,2024,2024-04-07,1,1.000
Hellas Verona,2024,2024-04-15,2,1.200
Hellas Verona,2024,2024-04-20,1,1.200
Hellas Verona,2024,2024-01-28,1,1.000
Hellas Verona,2024,2024-05-05,2,1.200
Hellas Verona,2024,2024-03-03,1,0.800
Hellas Verona,2024,2024-04-01,1,0.800
Hellas Verona,2024,2023-08-19,1,1.400
Hellas Verona,2024,2023-08-26,2,1.600
Hellas Verona,2024,2023-09-23,0,0.800
Hellas Verona,2024,2023-09-18,0,1.400
Hellas Verona,2024,2023-09-01,1,1.600
Hellas Verona,2024,2023-12-17,0,1.200
Hellas Verona,2024,2023-10-08,1,0.200
Hellas Verona,2024,2023-12-30,0,1.200
Hellas Verona,2024,2023-10-21,1,0.400
Hellas Verona,2024,2023-10-28,0,0.400
Hellas Verona,2024,2023-11-05,1,0.600
Hellas Verona,2024,2023-11-10,0,0.600
Hellas Verona,2024,2023-11-27,2,0.800
Hellas Verona,2024,2023-12-03,3,1.200
Hellas Verona,2024,2023-12-09,1,1.400
Hellas Verona,2024,2024-01-06,1,0.800
Hellas Verona,2024,2023-12-23,2,1.600
Hellas Verona,2024,2023-09-27,0,0.600
Hellas Verona,2024,2024-05-20,2,1.200
Hellas Verona,2024,2024-05-26,2,1.400
Hellas Verona,2024,2024-05-12,1,1.200
Hellas Verona,2024,2023-10-02,0,0.200
Hellas Verona,2024,2024-01-13,2,1.000
Hellas Verona,2024,2024-01-20,1,1.200
Internazionale,2024,2023-10-21,3,2.200
Internazionale,2024,2024-05-26,2,2.000
Internazionale,2024,2023-08-19,2,2.200
Internazionale,2024,2024-05-04,0,1.600
Internazionale,2024,2024-03-04,2,3.600
Internazionale,2024,2024-03-09,1,3.000
Internazionale,2024,2024-03-17,1,2.400
Internazionale,2024,2024-04-01,2,2.000
Internazionale,2024,2024-04-08,2,1.600
Internazionale,2024,2024-04-14,2,1.600
Internazionale,2024,2023-10-07,2,2.600
Internazionale,2024,2024-04-22,2,1.800
Internazionale,2024,2024-04-28,2,2.000
Internazionale,2024,2024-05-10,5,2.200
Internazionale,2024,2024-05-19,1,2.000
Internazionale,2024,2023-12-29,1,2.400
Internazionale,2024,2023-10-29,1,2.200
Internazionale,2024,2023-11-04,2,2.400
Internazionale,2024,2023-11-12,2,2.000
Internazionale,2024,2024-01-06,2,2.200
Internazionale,2024,2023-08-28,2,1.800
Internazionale,2024,2023-12-09,4,2.400
Internazionale,2024,2023-12-03,3,1.800
Internazionale,2024,2023-11-26,1,1.800
Internazionale,2024,2023-09-24,1,2.800
Internazionale,2024,2023-09-16,5,2.800
Internazionale,2024,2023-09-03,4,2.400
Internazionale,2024,2024-02-28,4,3.400
Internazionale,2024,2023-12-23,2,2.400
Internazionale,2024,2023-12-17,2,2.400
Internazionale,2024,2024-01-13,5,2.400
Internazionale,2024,2024-01-28,1,2.200
Internazionale,2024,2023-09-27,1,2.600
Internazionale,2024,2023-09-30,4,3.000
Internazionale,2024,2024-02-04,1,2.000
Internazionale,2024,2024-02-10,4,2.600
Internazionale,2024,2024-02-16,4,3.000
Internazionale,2024,2024-02-25,4,2.800
Juventus,2024,2024-04-07,1,0.800
Juventus,2024,2024-02-04,0,1.800
Juventus,2024,2024-01-27,1,2.000
Juventus,2024,2024-01-21,3,2.200
Juventus,2024,2024-05-25,2,1.400
Juventus,2024,2024-05-12,1,0.800
Juventus,2024,2024-02-17,2,1.200
Juventus,2024,2024-04-27,0,0.600
Juventus,2024,2024-04-19,2,0.600
Juventus,2024,2024-04-13,0,0.600
Juventus,2024,2024-02-12,0,1.400
Juventus,2024,2024-03-30,0,1.200
Juventus,2024,2024-03-17,0,1.600
Juventus,2024,2024-03-10,2,1.600
Juventus,2024,2024-03-03,1,1.200
Juventus,2024,2024-02-25,3,1.200
Juventus,2024,2024-05-05,1,0.800
Juventus,2024,2024-01-16,3,1.800
Juventus,2024,2024-01-07,2,1.400
Juventus,2024,2023-11-11,2,1.400
Juventus,2024,2023-10-01,0,1.600
Juventus,2024,2023-08-20,3,1.400
Juventus,2024,2023-08-27,1,1.200
Juventus,2024,2023-09-23,2,2.200
Juventus,2024,2023-09-16,3,2.000
Juventus,2024,2023-12-30,1,1.400
Juventus,2024,2023-09-03,2,1.400
Juventus,2024,2023-09-26,1,1.800
Juventus,2024,2024-05-20,3,1.400
Juventus,2024,2023-10-07,2,1.600
Juventus,2024,2023-11-26,1,1.200
Juventus,2024,2023-12-01,2,1.400
Juventus,2024,2023-12-08,1,1.400
Juventus,2024,2023-12-15,1,1.400
Juventus,2024,2023-11-05,1,1.000
Juventus,2024,2023-10-28,1,1.000
Juventus,2024,2023-10-22,1,1.200
Juventus,2024,2023-12-23,2,1.400
Lazio,2024,2024-02-18,1,1.200
Lazio,2024,2023-09-30,0,1.200
Lazio,2024,2023-10-08,3,1.400
Lazio,2024,2023-10-21,2,1.600
Lazio,2024,2023-08-20,1,1.800
Lazio,2024,2023-11-03,0,1.200
Lazio,2024,2023-11-12,0,1.200
Lazio,2024,2023-12-02,1,0.600
Lazio,2024,2024-02-26,1,1.600
Lazio,2024,2023-11-25,1,0.800
Lazio,2024,2023-09-27,2,1.200
Lazio,2024,2024-02-10,3,1.400
Lazio,2024,2024-02-04,1,1.400
Lazio,2024,2024-01-28,0,1.600
Lazio,2024,2024-01-14,1,1.600
Lazio,2024,2024-03-16,3,1.400
Lazio,2024,2023-12-22,2,1.000
Lazio,2024,2023-12-17,0,0.600
Lazio,2024,2023-12-09,1,0.600
Lazio,2024,2024-05-12,2,2.000
Lazio,2024,2024-03-01,0,1.400
Lazio,2024,2024-03-11,1,1.000
Lazio,2024,2024-01-07,2,1.600
Lazio,2024,2024-03-30,1,1.200
Lazio,2024,2024-04-06,0,1.000
Lazio,2024,2023-10-30,1,1.600
Lazio,2024,2024-04-19,1,1.800
Lazio,2024,2024-04-27,1,1.400
Lazio,2024,2024-05-04,2,1.600
Lazio,2024,2024-04-12,4,1.800
Lazio,2024,2024-05-26,1,1.400
Lazio,2024,2023-12-29,3,1.400
Lazio,2024,2024-02-22,2,1.400
Lazio,2024,2024-05-19,1,1.400
Lazio,2024,2023-08-27,0,1.400
Lazio,2024,2023-09-02,2,1.600
Lazio,2024,2023-09-16,1,1.200
Lazio,2024,2023-09-23,1,1.000
Lecce,2024,2023-10-06,1,0.600
Lecce,2024,2023-12-16,2,1.600
Lecce,2024,2023-12-23,0,1.200
Lecce,2024,2023-12-30,0,0.800
Lecce,2024,2023-12-11,1,1.400
Lecce,2024,2023-11-27,2,1.200
Lecce,2024,2024-01-06,1,0.800
Lecce,2024,2023-11-11,2,1.000
Lecce,2024,2023-12-03,1,1.200
Lecce,2024,2023-10-23,1,0.600
Lecce,2024,2023-10-28,0,0.400
Lecce,2024,2023-09-30,0,0.800
Lecce,2024,2023-09-26,0,1.200
Lecce,2024,2023-09-22,1,1.600
Lecce,2024,2023-09-17,1,1.800
Lecce,2024,2024-05-18,0,1.000
Lecce,2024,2023-08-27,2,1.400
Lecce,2024,2023-11-05,1,0.600
Lecce,2024,2024-05-26,0,0.400
Lecce,2024,2024-02-25,0,0.800
Lecce,2024,2024-04-27,1,1.000
Lecce,2024,2024-04-21,3,1.000
Lecce,2024,2024-04-13,1,0.400
Lecce,2024,2024-04-06,0,0.400
Lecce,2024,2024-05-13,0,1.200
Lecce,2024,2024-01-14,0,0.600
Lecce,2024,2024-03-16,1,0.400
Lecce,2024,2024-03-10,0,0.200
Lecce,2024,2024-03-03,1,0.800
Lecce,2024,2024-05-05,1,1.200
Lecce,2024,2024-02-16,0,0.800
Lecce,2024,2023-09-03,2,1.800
Lecce,2024,2024-02-11,0,0.800
Lecce,2024,2024-02-02,3,1.000
Lecce,2024,2024-01-28,1,0.400
Lecce,2024,2024-01-21,0,0.200
Lecce,2024,2024-04-01,0,0.400
Lecce,2024,2023-08-20,2,1.400
Milan,2024,2024-02-18,2,2.200
Milan,2024,2024-03-30,2,1.600
Milan,2024,2024-01-20,3,2.400
Milan,2024,2024-04-14,3,2.400
Milan,2024,2023-08-21,2,2.200
Milan,2024,2023-12-17,3,2.200
Milan,2024,2024-04-06,3,2.000
Milan,2024,2024-01-27,2,2.400
Milan,2024,2024-02-03,3,2.800
Milan,2024,2024-02-11,1,2.400
Milan,2024,2024-04-27,0,1.800
Milan,2024,2024-02-25,1,1.800
Milan,2024,2024-01-14,3,2.400
Milan,2024,2024-01-07,3,2.200
Milan,2024,2023-12-30,1,2.200
Milan,2024,2023-12-22,2,2.200
Milan,2024,2023-08-26,4,3.000
Milan,2024,2023-12-09,2,1.600
Milan,2024,2024-03-01,1,1.600
Milan,2024,2023-09-27,3,2.200
Milan,2024,2023-12-02,3,1.600
Milan,2024,2023-10-22,0,1.400
Milan,2024,2023-10-29,2,1.600
Milan,2024,2023-11-04,0,1.000
Milan,2024,2023-11-25,1,1.000
Milan,2024,2024-03-17,3,1.600
Milan,2024,2024-03-10,1,1.200
Milan,2024,2024-04-22,1,2.400
Milan,2024,2023-09-30,2,1.800
Milan,2024,2023-10-07,1,1.600
Milan,2024,2023-09-23,1,2.000
Milan,2024,2023-09-16,1,2.400
Milan,2024,2023-09-01,2,2.400
Milan,2024,2023-11-11,2,1.000
Milan,2024,2024-05-25,3,2.400
Milan,2024,2024-05-18,1,2.000
Milan,2024,2024-05-11,5,2.400
Milan,2024,2024-05-05,3,2.000
Monza,2024,2023-09-17,1,1.000
Monza,2024,2024-03-09,3,2.000
Monza,2024,2024-03-02,1,1.400
Monza,2024,2023-11-26,1,1.200
Monza,2024,2024-05-25,0,0.800
Monza,2024,2023-12-17,0,0.800
Monza,2024,2023-12-10,1,1.400
Monza,2024,2023-12-01,1,1.400
Monza,2024,2023-08-26,2,1.200
Monza,2024,2023-09-02,0,0.800
Monza,2024,2024-03-30,0,1.400
Monza,2024,2023-09-23,1,0.800
Monza,2024,2023-10-02,1,0.600
Monza,2024,2023-10-08,3,1.200
Monza,2024,2023-10-22,0,1.000
Monza,2024,2023-10-29,1,1.000
Monza,2024,2023-11-05,3,1.600
Monza,2024,2023-11-11,1,1.600
Monza,2024,2023-09-28,0,0.800
Monza,2024,2024-01-06,3,0.800
Monza,2024,2023-08-19,0,1.200
Monza,2024,2023-12-22,0,0.600
Monza,2024,2023-12-29,0,0.400
Monza,2024,2024-05-13,1,1.000
Monza,2024,2024-05-04,2,1.200
Monza,2024,2024-04-27,1,0.800
Monza,2024,2024-04-21,1,0.800
Monza,2024,2024-04-13,0,1.200
Monza,2024,2024-04-07,2,1.400
Monza,2024,2024-03-16,1,2.200
Monza,2024,2024-01-13,1,0.800
Monza,2024,2024-01-21,0,0.800
Monza,2024,2024-01-28,1,1.000
Monza,2024,2024-02-03,0,1.000
Monza,2024,2024-05-19,0,1.000
Monza,2024,2024-02-11,0,0.400
Monza,2024,2024-02-18,4,1.000
Monza,2024,2024-02-24,2,1.400
Napoli,2024,2023-12-03,0,1.200
Napoli,2024,2023-11-04,2,2.400
Napoli,2024,2023-11-12,0,1.600
Napoli,2024,2023-11-25,2,1.800
Napoli,2024,2023-09-24,0,1.600
Napoli,2024,2024-04-28,2,1.600
Napoli,2024,2024-05-06,1,1.800
Napoli,2024,2024-05-11,0,1.000
Napoli,2024,2024-05-17,2,1.000
Napoli,2024,2024-05-26,0,1.000
Napoli,2024,2023-10-29,2,2.800
Napoli,2024,2023-12-08,0,0.800
Napoli,2024,2023-12-16,2,0.800
Napoli,2024,2023-12-23,0,0.800
Napoli,2024,2023-12-29,0,0.400
Napoli,2024,2024-01-07,0,0.400
Napoli,2024,2024-01-13,2,0.800
Napoli,2024,2024-01-28,0,0.400
Napoli,2024,2024-02-04,2,0.800
Napoli,2024,2023-08-27,2,2.400
Napoli,2024,2024-02-25,1,0.800
Napoli,2024,2024-02-28,6,2.000
Napoli,2024,2024-03-03,2,2.000
Napoli,2024,2024-03-08,1,2.200
Napoli,2024,2024-03-17,1,2.200
Napoli,2024,2024-03-30,0,2.000
Napoli,2024,2024-04-07,4,1.600
Napoli,2024,2024-04-14,2,1.600
Napoli,2024,2024-02-11,0,0.800
Napoli,2024,2024-02-17,1,1.000
Napoli,2024,2024-04-20,0,1.400
Napoli,2024,2023-09-02,1,2.000
Napoli,2024,2023-08-19,3,2.000
Napoli,2024,2023-09-16,2,2.000
Napoli,2024,2023-09-27,4,1.800
Napoli,2024,2023-09-30,4,2.200
Napoli,2024,2023-10-08,1,2.200
Napoli,2024,2023-10-21,3,2.400
Roma,2024,2024-05-05,1,1.400
Roma,2024,2023-08-26,1,1.600
Roma,2024,2024-05-26,1,1.200
Roma,2024,2024-05-19,1,1.400
Roma,2024,2024-03-17,1,2.600
Roma,2024,2024-04-01,0,2.000
Roma,2024,2024-04-06,1,1.600
Roma,2024,2024-04-22,1,1.000
Roma,2024,2024-04-25,2,1.000
Roma,2024,2024-04-28,2,1.200
Roma,2024,2023-10-29,0,1.600
Roma,2024,2024-05-12,1,1.400
Roma,2024,2024-03-10,2,2.800
Roma,2024,2024-01-07,1,0.800
Roma,2024,2023-10-08,4,3.000
Roma,2024,2023-10-01,2,2.400
Roma,2024,2023-09-28,1,2.200
Roma,2024,2023-09-24,1,2.400
Roma,2024,2023-09-17,7,2.600
Roma,2024,2023-10-22,1,1.800
Roma,2024,2023-08-20,2,1.400
Roma,2024,2023-12-23,2,1.600
Roma,2024,2024-01-20,2,1.200
Roma,2024,2024-02-05,4,2.000
Roma,2024,2024-02-10,2,2.200
Roma,2024,2024-02-18,3,2.600
Roma,2024,2024-02-26,3,2.800
Roma,2024,2024-03-02,4,3.200
Roma,2024,2024-01-14,1,0.800
Roma,2024,2024-01-29,2,1.200
Roma,2024,2023-12-30,0,1.000
Roma,2024,2023-09-01,1,1.400
Roma,2024,2023-12-17,0,1.200
Roma,2024,2023-12-10,1,1.600
Roma,2024,2023-12-03,2,1.400
Roma,2024,2023-11-26,3,1.200
Roma,2024,2023-11-12,0,1.400
Roma,2024,2023-11-05,2,1.800
Salernitana,2024,2023-10-27,0,0.400
Salernitana,2024,2024-02-24,0,0.400
Salernitana,2024,2023-12-30,1,1.000
Salernitana,2024,2024-03-09,2,0.800
Salernitana,2024,2024-03-16,0,0.600
Salernitana,2024,2024-04-01,0,0.600
Salernitana,2024,2024-04-05,2,1.000
Salernitana,2024,2024-04-12,1,1.000
Salernitana,2024,2024-04-21,0,0.600
Salernitana,2024,2024-04-26,0,0.600
Salernitana,2024,2024-02-16,0,0.600
Salernitana,2024,2023-08-28,1,1.600
Salernitana,2024,2023-09-03,0,1.200
Salernitana,2024,2023-09-18,0,0.600
Salernitana,2024,2023-09-22,1,0.800
Salernitana,2024,2023-09-27,0,0.400
Salernitana,2024,2023-09-30,0,0.200
Salernitana,2024,2023-10-08,0,0.200
Salernitana,2024,2024-05-06,1,0.800
Salernitana,2024,2023-10-22,2,0.600
Salernitana,2024,2023-11-10,2,0.800
Salernitana,2024,2023-11-25,2,1.200
Salernitana,2024,2023-11-04,0,0.400
Salernitana,2024,2023-08-20,2,1.600
Salernitana,2024,2023-12-10,1,1.000
Salernitana,2024,2023-12-18,1,1.200
Salernitana,2024,2023-12-22,2,1.200
Salernitana,2024,2024-05-12,1,0.600
Salernitana,2024,2024-05-20,1,0.600
Salernitana,2024,2023-12-03,0,0.800
Salernitana,2024,2024-05-25,3,1.200
Salernitana,2024,2024-03-02,1,0.400
Salernitana,2024,2024-01-07,1,1.200
Salernitana,2024,2024-01-13,1,1.200
Salernitana,2024,2024-01-21,1,1.200
Salernitana,2024,2024-01-29,1,1.000
Salernitana,2024,2024-02-04,0,0.800
Salernitana,2024,2024-02-09,1,0.800
Sassuolo,2024,2024-03-17,0,0.800
Sassuolo,2024,2023-09-01,3,1.200
Sassuolo,2024,2023-12-11,1,1.800
Sassuolo,2024,2024-05-19,0,0.600
Sassuolo,2024,2024-02-10,1,0.800
Sassuolo,2024,2024-02-17,0,0.600
Sassuolo,2024,2024-02-24,2,1.000
Sassuolo,2024,2024-02-28,1,1.200
Sassuolo,2024,2024-03-03,0,0.800
Sassuolo,2024,2024-03-09,1,0.800
Sassuolo,2024,2023-08-27,0,0.800
Sassuolo,2024,2023-08-20,0,1.200
Sassuolo,2024,2023-11-26,4,1.600
Sassuolo,2024,2024-01-28,0,0.400
Sassuolo,2024,2024-01-16,0,0.800
Sassuolo,2024,2024-01-06,1,1.000
Sassuolo,2024,2023-12-30,0,1.000
Sassuolo,2024,2023-12-22,1,1.800
Sassuolo,2024,2023-12-17,2,2.000
Sassuolo,2024,2023-09-27,2,2.200
Sassuolo,2024,2023-09-23,4,1.800
Sassuolo,2024,2023-12-03,1,1.800
Sassuolo,2024,2024-02-03,2,0.600
Sassuolo,2024,2023-11-10,2,1.000
Sassuolo,2024,2023-11-06,1,0.600
Sassuolo,2024,2023-10-28,1,0.800
Sassuolo,2024,2023-10-21,0,1.400
Sassuolo,2024,2023-10-06,1,1.800
Sassuolo,2024,2023-10-02,0,2.200
Sassuolo,2024,2023-09-17,2,1.200
Sassuolo,2024,2024-05-26,1,0.800
Sassuolo,2024,2024-04-05,2,0.800
Sassuolo,2024,2024-04-14,3,1.400
Sassuolo,2024,2024-04-21,0,1.200
Sassuolo,2024,2024-04-28,1,1.400
Sassuolo,2024,2024-05-04,1,1.400
Sassuolo,2024,2024-05-12,1,1.200
Sassuolo,2024,2024-04-01,1,0.600
Torino,2024,2023-09-03,1,1.200
Torino,2024,2023-11-27,0,0.800
Torino,2024,2023-10-21,0,0.200
Torino,2024,2023-10-07,0,0.800
Torino,2024,2023-10-02,0,1.000
Torino,2024,2023-09-27,0,1.200
Torino,2024,2024-05-26,0,1.000
Torino,2024,2024-05-18,3,1.000
Torino,2024,2023-09-24,1,1.200
Torino,2024,2023-09-18,3,1.000
Torino,2024,2024-01-26,2,1.200
Torino,2024,2023-08-21,0,1.200
Torino,2024,2023-12-04,3,1.400
Torino,2024,2023-08-26,1,1.200
Torino,2024,2023-10-28,1,0.200
Torino,2024,2023-12-29,0,1.000
Torino,2024,2023-12-23,1,1.000
Torino,2024,2023-12-16,1,1.000
Torino,2024,2023-12-10,0,1.200
Torino,2024,2024-04-21,0,1.000
Torino,2024,2024-01-07,3,1.000
Torino,2024,2023-11-11,1,0.800
Torino,2024,2024-05-12,2,0.400
Torino,2024,2024-02-26,2,1.000
Torino,2024,2024-03-08,1,1.000
Torino,2024,2024-03-16,2,1.000
Torino,2024,2024-03-30,1,1.200
Torino,2024,2024-04-06,2,1.200
Torino,2024,2024-04-13,0,1.200
Torino,2024,2023-11-06,2,0.600
Torino,2024,2024-04-28,0,0.600
Torino,2024,2024-01-13,0,1.000
Torino,2024,2024-03-02,0,1.000
Torino,2024,2024-05-03,0,0.400
Torino,2024,2024-02-22,0,1.000
Torino,2024,2024-02-16,2,1.000
Torino,2024,2024-02-10,1,1.200
Torino,2024,2024-02-04,0,1.000
Udinese,2024,2023-11-26,1,1.000
Udinese,2024,2023-09-27,1,0.400
Udinese,2024,2023-09-24,0,0.200
Udinese,2024,2023-09-17,0,0.200
Udinese,2024,2023-09-02,0,0.600
Udinese,2024,2023-08-28,1,0.600
Udinese,2024,2023-08-20,0,0.400
Udinese,2024,2023-10-01,2,0.600
Udinese,2024,2023-12-09,0,1.200
Udinese,2024,2024-02-03,0,1.000
Udinese,2024,2024-01-27,0,1.600
Udinese,2024,2024-01-20,2,1.800
Udinese,2024,2024-01-14,2,1.800
Udinese,2024,2024-01-07,1,1.400
Udinese,2024,2023-12-30,3,1.800
Udinese,2024,2023-12-23,1,1.400
Udinese,2024,2023-12-17,2,1.400
Udinese,2024,2024-02-12,1,1.000
Udinese,2024,2023-12-03,3,1.400
Udinese,2024,2024-03-11,2,1.000
Udinese,2024,2024-05-13,2,1.000
Udinese,2024,2024-02-24,0,0.400
Udinese,2024,2024-02-18,1,0.800
Udinese,2024,2024-04-20,0,0.800
Udinese,2024,2023-10-06,0,0.600
Udinese,2024,2023-10-23,1,0.800
Udinese,2024,2023-10-29,1,1.000
Udinese,2024,2023-11-04,1,1.000
Udinese,2024,2023-11-12,1,0.800
Udinese,2024,2024-03-02,1,0.600
Udinese,2024,2024-03-16,0,0.800
Udinese,2024,2024-04-01,1,0.800
Udinese,2024,2024-04-28,1,0.800
Udinese,2024,2024-05-19,1,1.200
Udinese,2024,2024-05-06,1,0.800
Udinese,2024,2024-04-08,1,1.000
Udinese,2024,2024-05-26,1,1.200
Udinese,2024,2024-04-25,1,0.600
Atalanta,2025,2025-03-30,0,1.800
Atalanta,2025,2025-01-14,1,1.200
Atalanta,2025,2025-01-18,2,1.400
Atalanta,2025,2025-01-25,2,1.200
Atalanta,2025,2025-02-01,1,1.200
Atalanta,2025,2025-02-08,5,2.200
Atalanta,2025,2025-02-15,0,2.000
Atalanta,2025,2024-11-03,3,3.600
Atalanta,2025,2025-03-09,4,2.800
Atalanta,2025,2025-03-16,0,1.800
Atalanta,2025,2025-01-11,0,1.400
Atalanta,2025,2025-04-06,0,0.800
Atalanta,2025,2025-04-13,2,1.200
Atalanta,2025,2025-04-20,1,0.600
Atalanta,2025,2025-04-27,1,0.800
Atalanta,2025,2025-05-04,4,1.600
Atalanta,2025,2025-05-12,2,2.000
Atalanta,2025,2025-05-17,3,2.200
Atalanta,2025,2025-05-25,2,2.400
Atalanta,2025,2024-10-30,2,3.200
Atalanta,2025,2024-08-19,4,2.600
Atalanta,2025,2024-08-25,1,2.400
Atalanta,2025,2024-08-30,0,2.000
Atalanta,2025,2024-09-15,3,2.000
Atalanta,2025,2024-09-24,2,2.000
Atalanta,2025,2024-09-28,1,1.400
Atalanta,2025,2024-10-05,5,2.200
Atalanta,2025,2024-10-20,2,2.600
Atalanta,2025,2024-10-26,6,3.200
Atalanta,2025,2024-12-02,2,2.400
Atalanta,2025,2025-02-23,5,2.600
Atalanta,2025,2024-11-10,2,3.000
Atalanta,2025,2024-11-23,3,3.200
Atalanta,2025,2025-03-01,0,2.200
Atalanta,2025,2024-12-06,2,2.400
Atalanta,2025,2024-12-14,1,2.000
Atalanta,2025,2024-12-22,3,2.200
Atalanta,2025,2024-12-28,1,1.800
Bologna,2025,2025-04-28,0,0.600
Bologna,2025,2025-05-18,2,1.000
Bologna,2025,2024-12-07,2,1.800
Bologna,2025,2024-11-30,3,1.800
Bologna,2025,2024-11-24,0,1.600
Bologna,2025,2024-11-10,3,1.600
Bologna,2025,2024-11-02,1,1.200
Bologna,2025,2024-10-29,2,1.400
Bologna,2025,2024-10-19,2,1.400
Bologna,2025,2024-10-06,0,1.200
Bologna,2025,2024-09-28,1,1.200
Bologna,2025,2024-09-22,2,1.200
Bologna,2025,2024-09-14,2,0.800
Bologna,2025,2024-08-31,1,1.000
Bologna,2025,2024-08-18,1,1.200
Bologna,2025,2024-08-25,0,1.200
Bologna,2025,2025-01-12,2,1.800
Bologna,2025,2025-05-09,1,0.600
Bologna,2025,2025-05-04,1,0.600
Bologna,2025,2025-02-09,0,1.600
Bologna,2025,2025-04-20,1,1.600
Bologna,2025,2025-04-13,0,1.800
Bologna,2025,2025-04-07,1,2.200
Bologna,2025,2025-03-02,2,1.400
Bologna,2025,2025-03-16,5,2.200
Bologna,2025,2025-03-09,2,1.800
Bologna,2025,2025-02-27,2,1.400
Bologna,2025,2025-02-22,0,1.200
Bologna,2025,2025-02-14,3,1.800
Bologna,2025,2025-03-29,1,2.400
Bologna,2025,2025-02-01,2,2.000
Bologna,2025,2025-01-25,1,2.000
Bologna,2025,2025-01-18,3,2.200
Bologna,2025,2025-01-15,2,1.800
Bologna,2025,2024-12-30,2,2.000
Bologna,2025,2024-12-21,2,1.600
Bologna,2025,2024-12-15,1,1.800
Bologna,2025,2025-05-24,1,1.000
Cagliari,2025,2024-12-08,0,1.400
Cagliari,2025,2024-12-22,1,0.800
Cagliari,2025,2024-12-14,0,1.200
Cagliari,2025,2024-09-20,0,0.200
Cagliari,2025,2024-11-09,3,1.400
Cagliari,2025,2024-11-24,2,1.200
Cagliari,2025,2024-11-29,1,1.400
Cagliari,2025,2025-03-02,1,0.800
Cagliari,2025,2025-05-23,0,1.400
Cagliari,2025,2025-05-18,3,1.600
Cagliari,2025,2024-12-28,0,0.400
Cagliari,2025,2025-05-10,1,1.200
Cagliari,2025,2025-05-03,1,1.000
Cagliari,2025,2025-04-28,2,1.400
Cagliari,2025,2025-04-23,1,1.000
Cagliari,2025,2024-08-18,0,1.200
Cagliari,2025,2024-08-26,1,1.200
Cagliari,2025,2024-08-31,0,1.000
Cagliari,2025,2024-09-15,0,0.600
Cagliari,2025,2025-03-07,1,0.800
Cagliari,2025,2024-10-06,1,0.800
Cagliari,2025,2024-10-20,3,1.400
Cagliari,2025,2024-10-25,0,1.400
Cagliari,2025,2024-10-29,0,1.400
Cagliari,2025,2024-11-04,1,1.000
Cagliari,2025,2025-04-12,1,1.000
Cagliari,2025,2025-04-06,0,1.000
Cagliari,2025,2025-03-30,3,1.000
Cagliari,2025,2025-03-16,0,0.400
Cagliari,2025,2025-02-23,0,0.600
Cagliari,2025,2024-09-30,3,0.800
Cagliari,2025,2025-02-15,0,1.400
Cagliari,2025,2025-02-09,2,1.600
Cagliari,2025,2025-02-03,1,1.600
Cagliari,2025,2025-01-24,0,1.400
Cagliari,2025,2025-01-19,4,1.600
Cagliari,2025,2025-01-11,1,0.800
Cagliari,2025,2025-01-05,2,0.600
Como,2025,2024-09-01,0,0.333
Como,2025,2025-03-29,1,1.200
Como,2025,2025-04-05,3,1.400
Como,2025,2025-04-19,3,1.800
Como,2025,2025-04-27,1,1.800
Como,2025,2025-01-20,4,1.600
Como,2025,2025-05-10,3,1.800
Como,2025,2025-05-18,1,1.800
Como,2025,2025-05-23,0,1.200
Como,2025,2024-08-19,0,0.000
Como,2025,2025-03-15,1,1.400
Como,2025,2024-09-29,3,1.800
Como,2025,2024-09-24,3,1.200
Como,2025,2024-09-14,2,0.750
Como,2025,2025-01-25,1,1.800
Como,2025,2025-02-01,0,1.400
Como,2025,2025-02-07,1,1.400
Como,2025,2025-02-16,2,1.600
Como,2025,2025-01-14,1,1.200
Como,2025,2024-11-04,0,0.600
Como,2025,2024-12-15,2,1.200
Como,2025,2024-08-26,1,0.500
Como,2025,2024-12-23,0,1.000
Como,2025,2024-12-30,2,1.400
Como,2025,2025-04-13,1,1.400
Como,2025,2024-12-08,2,0.800
Como,2025,2024-11-30,1,0.600
Como,2025,2024-11-24,0,0.400
Como,2025,2024-11-07,1,0.600
Como,2025,2025-01-10,1,1.400
Como,2025,2024-10-31,1,1.200
Como,2025,2024-10-25,0,1.600
Como,2025,2024-10-19,1,2.000
Como,2025,2024-10-04,1,1.800
Como,2025,2025-05-03,1,1.800
Como,2025,2025-02-23,2,1.200
Como,2025,2025-03-02,1,1.200
Como,2025,2025-03-08,1,1.400
Empoli,2025,2024-12-22,2,1.400
Empoli,2025,2024-10-20,0,0.600
Empoli,2025,2024-10-27,1,0.800
Empoli,2025,2025-02-02,1,1.000
Empoli,2025,2024-11-04,1,0.600
Empoli,2025,2024-11-08,1,0.600
Empoli,2025,2024-11-25,1,0.800
Empoli,2025,2025-05-04,0,0.600
Empoli,2025,2024-12-08,4,1.400
Empoli,2025,2024-12-13,0,1.200
Empoli,2025,2024-10-06,1,0.800
Empoli,2025,2024-12-28,1,1.400
Empoli,2025,2024-09-14,0,1.000
Empoli,2025,2024-08-31,1,1.200
Empoli,2025,2024-08-25,2,1.000
Empoli,2025,2024-08-17,0,0.600
Empoli,2025,2025-01-25,1,1.000
Empoli,2025,2024-10-30,0,0.400
Empoli,2025,2025-01-19,1,1.200
Empoli,2025,2025-05-18,3,1.600
Empoli,2025,2025-01-11,1,1.000
Empoli,2025,2025-01-04,1,1.600
Empoli,2025,2025-04-06,0,0.400
Empoli,2025,2025-04-14,0,0.200
Empoli,2025,2025-02-08,0,0.800
Empoli,2025,2025-03-02,1,0.400
Empoli,2025,2025-04-27,1,0.800
Empoli,2025,2025-03-29,1,0.400
Empoli,2025,2025-05-10,2,1.000
Empoli,2025,2025-04-20,2,0.600
Empoli,2025,2025-05-25,1,1.400
Empoli,2025,2025-03-15,0,0.200
Empoli,2025,2025-03-09,0,0.200
Empoli,2025,2025-02-16,0,0.600
Empoli,2025,2025-02-23,0,0.400
Empoli,2025,2024-11-30,0,0.600
Empoli,2025,2024-09-20,2,1.000
Empoli,2025,2024-09-29,0,1.000
Fiorentina,2025,2025-02-28,1,0.800
Fiorentina,2025,2025-03-09,1,0.600
Fiorentina,2025,2025-04-27,2,1.400
Fiorentina,2025,2025-01-13,1,0.800
Fiorentina,2025,2025-01-19,1,1.000
Fiorentina,2025,2025-01-26,2,1.200
Fiorentina,2025,2025-02-02,2,1.200
Fiorentina,2025,2025-02-10,1,1.400
Fiorentina,2025,2025-02-16,0,1.200
Fiorentina,2025,2025-02-23,0,1.000
Fiorentina,2025,2024-12-23,1,1.400
Fiorentina,2025,2025-05-12,1,1.000
Fiorentina,2025,2025-03-16,3,1.000
Fiorentina,2025,2025-03-30,1,1.200
Fiorentina,2025,2025-04-05,2,1.600
Fiorentina,2025,2025-04-13,0,1.400
Fiorentina,2025,2025-04-23,2,1.600
Fiorentina,2025,2025-01-04,0,0.800
Fiorentina,2025,2025-05-04,0,1.200
Fiorentina,2025,2024-10-06,2,1.600
Fiorentina,2025,2024-12-29,2,1.200
Fiorentina,2025,2025-05-25,3,1.800
Fiorentina,2025,2024-09-15,2,1.600
Fiorentina,2025,2024-08-17,1,2.200
Fiorentina,2025,2024-08-25,0,1.800
Fiorentina,2025,2024-09-01,2,1.800
Fiorentina,2025,2024-09-22,2,1.400
Fiorentina,2025,2024-09-29,0,1.200
Fiorentina,2025,2025-05-18,3,1.600
Fiorentina,2025,2024-10-20,6,2.400
Fiorentina,2025,2024-10-27,5,3.000
Fiorentina,2025,2024-10-31,1,2.800
Fiorentina,2025,2024-11-03,1,3.000
Fiorentina,2025,2024-11-10,3,3.200
Fiorentina,2025,2024-11-24,2,2.400
Fiorentina,2025,2024-12-08,1,1.600
Fiorentina,2025,2024-12-15,0,1.400
Genoa,2025,2025-01-17,1,1.000
Genoa,2025,2025-05-17,2,1.000
Genoa,2025,2025-01-12,1,0.800
Genoa,2025,2025-03-07,1,1.000
Genoa,2025,2025-03-02,1,1.000
Genoa,2025,2025-02-22,0,1.200
Genoa,2025,2025-02-17,2,1.400
Genoa,2025,2025-02-08,1,1.200
Genoa,2025,2025-02-02,1,1.000
Genoa,2025,2025-01-27,2,1.200
Genoa,2025,2024-12-21,1,1.000
Genoa,2025,2025-05-11,2,0.600
Genoa,2025,2025-05-05,1,0.400
Genoa,2025,2025-04-27,0,0.200
Genoa,2025,2025-04-23,0,0.600
Genoa,2025,2025-04-13,0,0.800
Genoa,2025,2025-04-04,1,1.000
Genoa,2025,2025-03-29,0,0.800
Genoa,2025,2025-05-24,3,1.600
Genoa,2025,2024-10-31,0,0.600
Genoa,2025,2025-01-05,0,0.600
Genoa,2025,2024-10-19,2,0.800
Genoa,2025,2024-10-05,1,0.400
Genoa,2025,2024-09-28,0,0.400
Genoa,2025,2024-09-21,0,0.800
Genoa,2025,2024-09-15,1,1.200
Genoa,2025,2024-09-01,0,1.000
Genoa,2025,2024-08-24,1,1.400
Genoa,2025,2024-08-17,2,1.800
Genoa,2025,2024-12-28,2,1.000
Genoa,2025,2025-03-14,2,1.200
Genoa,2025,2024-11-04,1,0.800
Genoa,2025,2024-11-07,1,0.800
Genoa,2025,2024-11-24,2,0.800
Genoa,2025,2024-12-01,2,1.200
Genoa,2025,2024-10-27,0,0.600
Genoa,2025,2024-12-07,0,1.200
Genoa,2025,2024-12-15,0,1.000
Hellas Verona,2025,2024-12-20,0,0.800
Hellas Verona,2025,2024-10-04,2,1.800
Hellas Verona,2025,2024-12-08,1,1.000
Hellas Verona,2025,2024-11-29,0,0.800
Hellas Verona,2025,2024-11-23,0,1.000
Hellas Verona,2025,2024-11-10,1,1.000
Hellas Verona,2025,2024-11-03,3,1.200
Hellas Verona,2025,2024-10-29,0,1.000
Hellas Verona,2025,2024-10-26,1,1.400
Hellas Verona,2025,2024-10-21,0,1.400
Hellas Verona,2025,2024-12-30,3,1.400
Hellas Verona,2025,2024-09-29,2,1.400
Hellas Verona,2025,2024-09-20,2,1.600
Hellas Verona,2025,2024-09-16,1,1.600
Hellas Verona,2025,2024-09-01,2,1.800
Hellas Verona,2025,2024-08-26,0,1.600
Hellas Verona,2025,2024-12-15,3,1.000
Hellas Verona,2025,2025-03-31,0,0.600
Hellas Verona,2025,2025-05-25,2,0.800
Hellas Verona,2025,2025-03-03,0,0.400
Hellas Verona,2025,2025-02-23,1,0.600
Hellas Verona,2025,2025-05-11,1,0.200
Hellas Verona,2025,2025-05-03,0,0.200
Hellas Verona,2025,2025-04-28,0,0.200
Hellas Verona,2025,2025-04-19,0,0.400
Hellas Verona,2025,2025-04-13,0,0.600
Hellas Verona,2025,2025-04-06,1,0.600
Hellas Verona,2025,2025-03-15,1,0.600
Hellas Verona,2025,2025-03-09,1,0.400
Hellas Verona,2025,2024-08-18,3,2.000
Hellas Verona,2025,2025-05-18,1,0.400
Hellas Verona,2025,2025-02-15,0,0.400
Hellas Verona,2025,2025-02-08,0,0.400
Hellas Verona,2025,2025-02-01,1,0.400
Hellas Verona,2025,2025-01-27,1,0.800
Hellas Verona,2025,2025-01-19,0,0.600
Hellas Verona,2025,2025-01-12,0,1.200
Hellas Verona,2025,2025-01-04,0,1.400
Internazionale,2025,2024-11-03,1,2.400
Internazionale,2025,2024-11-10,1,2.000
Internazionale,2025,2024-08-30,4,2.200
Internazionale,2025,2024-09-28,3,2.200
Internazionale,2025,2024-10-05,3,2.400
Internazionale,2025,2024-10-20,1,1.800
Internazionale,2025,2024-10-27,4,2.400
Internazionale,2025,2024-09-22,1,2.000
Internazionale,2025,2024-10-30,3,2.800
Internazionale,2025,2024-08-24,2,2.400
Internazionale,2025,2024-11-23,5,2.800
Internazionale,2025,2024-08-17,2,2.000
Internazionale,2025,2025-04-12,3,2.400
Internazionale,2025,2025-02-16,0,2.000
Internazionale,2025,2025-05-18,2,1.000
Internazionale,2025,2025-05-11,2,1.200
Internazionale,2025,2025-05-03,1,1.200
Internazionale,2025,2025-04-27,0,1.400
Internazionale,2025,2025-04-20,0,1.800
Internazionale,2025,2025-02-02,1,2.200
Internazionale,2025,2025-04-05,2,2.000
Internazionale,2025,2025-03-30,2,1.800
Internazionale,2025,2025-03-16,2,1.400
Internazionale,2025,2025-03-08,3,1.400
Internazionale,2025,2025-03-01,1,1.000
Internazionale,2025,2025-02-22,1,1.600
Internazionale,2025,2025-05-23,2,1.400
Internazionale,2025,2025-02-10,2,2.400
Internazionale,2025,2025-01-26,4,2.600
Internazionale,2025,2024-09-15,1,2.200
Internazionale,2025,2025-01-19,3,2.200
Internazionale,2025,2025-01-15,2,2.800
Internazionale,2025,2025-01-12,1,3.000
Internazionale,2025,2024-12-28,3,3.800
Internazionale,2025,2024-12-23,2,3.400
Internazionale,2025,2024-12-16,6,3.200
Internazionale,2025,2024-12-06,3,2.600
Juventus,2025,2024-12-07,2,1.400
Juventus,2025,2024-08-26,3,2.400
Juventus,2025,2024-09-01,0,2.200
Juventus,2025,2024-09-14,0,1.600
Juventus,2025,2024-09-21,0,1.200
Juventus,2025,2024-09-28,3,1.200
Juventus,2025,2024-10-06,1,0.800
Juventus,2025,2024-10-19,1,1.000
Juventus,2025,2024-11-23,0,2.000
Juventus,2025,2024-12-01,1,1.400
Juventus,2025,2025-05-18,2,1.200
Juventus,2025,2024-12-14,2,1.400
Juventus,2025,2024-11-09,2,2.200
Juventus,2025,2025-04-12,2,0.800
Juventus,2025,2024-12-29,2,1.800
Juventus,2025,2025-01-14,1,1.600
Juventus,2025,2024-11-02,2,2.000
Juventus,2025,2024-10-30,2,2.200
Juventus,2025,2024-10-27,4,1.800
Juventus,2025,2025-04-06,1,0.800
Juventus,2025,2025-01-25,1,1.400
Juventus,2025,2025-02-02,4,1.800
Juventus,2025,2025-02-07,2,2.000
Juventus,2025,2025-02-16,1,2.000
Juventus,2025,2025-03-09,0,1.200
Juventus,2025,2025-02-23,1,1.800
Juventus,2025,2025-03-03,2,2.000
Juventus,2025,2025-03-16,0,0.800
Juventus,2025,2025-03-29,1,0.800
Juventus,2025,2025-01-18,2,1.600
Juventus,2025,2024-12-22,2,1.400
Juventus,2025,2025-05-25,3,1.800
Juventus,2025,2025-01-11,1,1.800
Juventus,2025,2024-08-19,3,2.000
Juventus,2025,2025-04-23,0,0.800
Juventus,2025,2025-04-27,2,1.200
Juventus,2025,2025-05-04,1,1.200
Juventus,2025,2025-05-10,1,1.200
Lazio,2025,2025-03-02,2,2.200
Lazio,2025,2024-12-28,1,1.000
Lazio,2025,2025-01-05,0,0.800
Lazio,2025,2025-01-10,1,0.800
Lazio,2025,2025-01-19,3,1.400
Lazio,2025,2025-01-26,1,1.200
Lazio,2025,2025-02-03,2,1.400
Lazio,2025,2025-02-09,5,2.400
Lazio,2025,2025-02-15,2,2.600
Lazio,2025,2025-02-22,0,2.000
Lazio,2025,2025-03-16,0,1.000
Lazio,2025,2025-03-10,1,2.000
Lazio,2025,2024-12-21,2,1.400
Lazio,2025,2025-04-06,1,1.000
Lazio,2025,2025-04-13,1,0.800
Lazio,2025,2025-04-23,2,1.000
Lazio,2025,2024-12-16,0,1.200
Lazio,2025,2025-04-28,2,1.400
Lazio,2025,2025-03-31,1,0.800
Lazio,2025,2024-09-16,2,1.800
Lazio,2025,2024-08-18,3,1.800
Lazio,2025,2024-08-24,1,1.600
Lazio,2025,2024-12-01,1,2.400
Lazio,2025,2024-11-24,3,2.800
Lazio,2025,2025-05-04,1,1.400
Lazio,2025,2024-11-10,1,2.200
Lazio,2025,2024-11-04,2,2.400
Lazio,2025,2024-10-31,5,2.600
Lazio,2025,2024-08-31,2,1.600
Lazio,2025,2024-12-08,1,1.600
Lazio,2025,2024-09-22,1,1.800
Lazio,2025,2025-05-10,1,1.400
Lazio,2025,2024-09-29,3,1.800
Lazio,2025,2024-10-06,2,2.000
Lazio,2025,2024-10-27,3,1.800
Lazio,2025,2024-10-19,0,1.600
Lazio,2025,2025-05-18,2,1.600
Lazio,2025,2025-05-25,0,1.200
Lecce,2025,2024-12-21,1,1.200
Lecce,2025,2024-09-27,0,0.600
Lecce,2025,2024-10-05,0,0.600
Lecce,2025,2024-10-26,0,0.400
Lecce,2025,2025-05-18,1,0.600
Lecce,2025,2024-10-20,0,0.400
Lecce,2025,2025-04-12,1,1.000
Lecce,2025,2025-04-19,0,0.600
Lecce,2025,2025-04-27,1,0.600
Lecce,2025,2025-05-11,1,0.600
Lecce,2025,2024-09-21,2,0.600
Lecce,2025,2024-12-15,2,1.200
Lecce,2025,2024-12-07,1,0.800
Lecce,2025,2024-12-01,1,0.800
Lecce,2025,2024-11-08,1,0.400
Lecce,2025,2024-11-02,0,0.200
Lecce,2025,2024-10-29,1,0.200
Lecce,2025,2025-03-29,0,0.600
Lecce,2025,2025-05-03,0,0.600
Lecce,2025,2025-01-05,0,0.800
Lecce,2025,2024-11-25,1,0.600
Lecce,2025,2025-02-21,0,0.600
Lecce,2025,2025-02-28,0,0.600
Lecce,2025,2025-03-08,2,0.400
Lecce,2025,2025-01-31,3,1.400
Lecce,2025,2025-02-16,0,0.800
Lecce,2025,2025-02-09,0,1.400
Lecce,2025,2024-08-19,0,0.200
Lecce,2025,2025-03-14,1,0.600
Lecce,2025,2025-05-25,1,0.800
Lecce,2025,2025-01-11,3,1.200
Lecce,2025,2025-01-19,1,1.000
Lecce,2025,2025-01-26,0,0.800
Lecce,2025,2024-12-30,0,1.000
Lecce,2025,2025-04-06,1,0.800
Lecce,2025,2024-08-24,0,0.000
Lecce,2025,2024-08-31,1,0.200
Lecce,2025,2024-09-15,0,0.200
Milan,2025,2025-05-24,2,2.000
Milan,2025,2024-11-02,1,1.200
Milan,2025,2024-11-09,3,1.200
Milan,2025,2024-11-23,0,1.000
Milan,2025,2024-11-30,3,1.400
Milan,2025,2024-12-06,1,1.600
Milan,2025,2024-12-15,0,1.400
Milan,2025,2024-12-20,1,1.000
Milan,2025,2025-03-08,3,1.400
Milan,2025,2025-03-02,1,1.200
Milan,2025,2024-10-29,0,1.400
Milan,2025,2025-05-18,1,1.600
Milan,2025,2025-05-09,3,2.200
Milan,2025,2025-04-27,2,1.800
Milan,2025,2025-04-20,0,1.800
Milan,2025,2025-03-30,1,1.600
Milan,2025,2025-03-15,2,1.600
Milan,2025,2025-04-05,2,1.800
Milan,2025,2025-04-11,4,2.400
Milan,2025,2024-08-17,2,2.800
Milan,2025,2025-05-05,2,2.000
Milan,2025,2025-02-02,1,1.400
Milan,2025,2025-02-08,2,1.600
Milan,2025,2025-02-22,1,1.600
Milan,2025,2025-02-15,1,1.400
Milan,2025,2025-02-27,1,1.200
Milan,2025,2025-01-14,2,1.000
Milan,2025,2025-01-11,1,0.800
Milan,2025,2025-01-18,0,1.000
Milan,2025,2025-01-26,3,1.400
Milan,2025,2024-08-24,1,2.400
Milan,2025,2024-09-22,2,2.200
Milan,2025,2024-08-31,2,1.800
Milan,2025,2024-09-14,4,2.400
Milan,2025,2024-09-27,3,2.400
Milan,2025,2024-10-06,1,2.400
Milan,2025,2024-10-19,1,2.200
Milan,2025,2024-12-29,1,1.200
Monza,2025,2025-03-02,0,0.200
Monza,2025,2025-05-24,0,0.600
Monza,2025,2025-05-11,2,0.400
Monza,2025,2025-05-04,0,0.200
Monza,2025,2025-04-19,0,0.400
Monza,2025,2025-04-12,0,0.800
Monza,2025,2025-04-05,1,0.800
Monza,2025,2025-03-30,0,0.600
Monza,2025,2025-03-15,1,0.600
Monza,2025,2025-03-08,2,0.600
Monza,2025,2025-01-13,2,1.200
Monza,2025,2025-02-24,0,0.200
Monza,2025,2025-02-16,0,0.400
Monza,2025,2025-02-09,1,0.800
Monza,2025,2025-01-05,1,1.000
Monza,2025,2025-02-01,0,0.800
Monza,2025,2025-01-27,0,1.000
Monza,2025,2025-01-18,1,1.200
Monza,2025,2024-12-28,1,1.000
Monza,2025,2024-11-10,0,1.000
Monza,2025,2024-12-22,1,1.000
Monza,2025,2024-09-01,2,0.400
Monza,2025,2024-08-24,0,0.200
Monza,2025,2025-04-27,0,0.200
Monza,2025,2024-12-15,1,0.800
Monza,2025,2024-12-09,1,0.600
Monza,2025,2024-08-17,0,0.600
Monza,2025,2025-05-18,1,0.600
Monza,2025,2024-11-24,1,0.600
Monza,2025,2024-11-30,1,0.400
Monza,2025,2024-11-02,0,1.200
Monza,2025,2024-10-30,0,1.200
Monza,2025,2024-10-27,2,1.400
Monza,2025,2024-10-21,3,1.200
Monza,2025,2024-10-06,1,1.000
Monza,2025,2024-09-29,0,0.800
Monza,2025,2024-09-15,1,0.600
Monza,2025,2024-09-22,1,0.800
Napoli,2025,2025-05-23,2,1.400
Napoli,2025,2024-12-29,1,1.400
Napoli,2025,2024-12-21,2,1.400
Napoli,2025,2024-12-14,3,1.200
Napoli,2025,2024-12-01,1,1.000
Napoli,2025,2024-10-04,3,2.200
Napoli,2025,2024-10-29,2,1.800
Napoli,2025,2024-11-03,0,1.400
Napoli,2025,2024-08-18,0,0.600
Napoli,2025,2024-11-10,1,1.000
Napoli,2025,2025-01-04,3,1.800
Napoli,2025,2025-05-18,0,1.200
Napoli,2025,2025-05-11,2,1.800
Napoli,2025,2025-04-27,2,1.800
Napoli,2025,2025-04-19,1,1.400
Napoli,2025,2025-04-14,3,1.600
Napoli,2025,2025-05-03,1,1.600
Napoli,2025,2025-04-07,1,1.200
Napoli,2025,2025-03-30,2,1.200
Napoli,2025,2024-11-24,1,1.000
Napoli,2025,2024-08-31,2,1.400
Napoli,2025,2024-09-15,4,1.800
Napoli,2025,2024-09-21,0,1.800
Napoli,2025,2024-10-26,1,1.400
Napoli,2025,2024-09-29,2,2.200
Napoli,2025,2025-02-02,1,2.200
Napoli,2025,2025-03-16,0,1.200
Napoli,2025,2024-12-08,0,0.600
Napoli,2025,2025-03-09,2,1.400
Napoli,2025,2024-08-25,3,1.000
Napoli,2025,2025-03-01,1,1.200
Napoli,2025,2025-02-23,1,1.400
Napoli,2025,2025-02-15,2,1.800
Napoli,2025,2025-02-09,1,1.800
Napoli,2025,2024-10-20,1,2.000
Napoli,2025,2025-01-25,2,2.200
Napoli,2025,2025-01-18,3,2.200
Napoli,2025,2025-01-12,2,2.200
Parma,2025,2025-03-15,1,1.000
Parma,2025,2025-01-31,1,0.800
Parma,2025,2025-04-28,2,1.000
Parma,2025,2025-05-03,0,1.000
Parma,2025,2024-08-24,2,0.800
Parma,2025,2024-08-17,1,0.800
Parma,2025,2025-04-23,1,0.800
Parma,2025,2025-04-13,0,1.000
Parma,2025,2025-04-05,2,1.000
Parma,2025,2025-03-31,0,1.000
Parma,2025,2024-12-06,1,1.400
Parma,2025,2025-05-18,0,0.800
Parma,2025,2025-05-25,3,1.200
Parma,2025,2025-01-26,2,1.000
Parma,2025,2025-02-09,1,1.000
Parma,2025,2025-03-08,2,1.000
Parma,2025,2025-03-01,0,0.800
Parma,2025,2025-02-22,2,1.200
Parma,2025,2025-02-16,0,1.000
Parma,2025,2024-10-27,1,1.200
Parma,2025,2025-01-12,0,0.800
Parma,2025,2025-01-05,0,1.000
Parma,2025,2024-08-31,1,1.000
Parma,2025,2024-12-28,2,1.600
Parma,2025,2024-09-16,2,1.200
Parma,2025,2024-09-21,2,1.600
Parma,2025,2024-09-30,2,1.800
Parma,2025,2024-10-06,0,1.400
Parma,2025,2024-10-19,1,1.400
Parma,2025,2025-01-19,1,0.600
Parma,2025,2024-10-30,2,1.200
Parma,2025,2024-11-04,0,0.800
Parma,2025,2024-11-09,2,1.200
Parma,2025,2024-12-22,0,1.400
Parma,2025,2024-11-23,1,1.200
Parma,2025,2025-05-10,1,0.800
Parma,2025,2024-12-01,3,1.600
Parma,2025,2024-12-15,2,1.800
Roma,2025,2025-01-26,2,2.000
Roma,2025,2024-09-22,3,1.000
Roma,2025,2025-01-12,2,2.000
Roma,2025,2025-03-29,1,1.800
Roma,2025,2025-03-16,1,1.800
Roma,2025,2025-03-09,1,1.800
Roma,2025,2025-03-02,2,1.800
Roma,2025,2025-02-24,4,1.800
Roma,2025,2025-02-16,1,1.600
Roma,2025,2025-02-02,1,2.000
Roma,2025,2024-09-15,1,0.600
Roma,2025,2025-01-17,3,2.600
Roma,2025,2025-01-05,2,2.400
Roma,2025,2024-12-29,1,2.000
Roma,2025,2024-12-22,5,1.800
Roma,2025,2024-12-15,0,1.200
Roma,2025,2024-12-07,4,1.600
Roma,2025,2024-12-02,0,1.000
Roma,2025,2024-11-24,0,1.200
Roma,2025,2024-11-03,2,1.000
Roma,2025,2024-09-29,2,1.400
Roma,2025,2025-05-18,3,1.400
Roma,2025,2025-05-25,2,1.600
Roma,2025,2025-02-09,1,1.800
Roma,2025,2025-05-04,1,1.000
Roma,2025,2025-04-27,1,1.000
Roma,2025,2025-04-19,1,1.000
Roma,2025,2025-04-13,1,1.000
Roma,2025,2025-04-06,1,1.200
Roma,2025,2025-05-12,1,1.000
Roma,2025,2024-10-31,1,1.000
Roma,2025,2024-10-27,1,1.400
Roma,2025,2024-10-20,0,1.400
Roma,2025,2024-10-06,1,1.400
Roma,2025,2024-11-10,2,1.200
Roma,2025,2024-08-18,0,0.800
Roma,2025,2024-08-25,1,0.800
Roma,2025,2024-09-01,0,0.600
Torino,2025,2025-03-08,2,1.800
Torino,2025,2024-12-07,0,0.200
Torino,2025,2024-11-03,0,1.000
Torino,2025,2024-11-24,1,0.400
Torino,2025,2024-11-09,0,0.600
Torino,2025,2025-02-22,2,1.600
Torino,2025,2025-03-02,2,1.600
Torino,2025,2025-05-18,0,0.600
Torino,2025,2025-02-14,2,1.400
Torino,2025,2025-05-25,0,0.200
Torino,2025,2024-12-13,1,0.400
Torino,2025,2025-05-11,0,0.600
Torino,2025,2025-05-02,1,0.800
Torino,2025,2025-04-27,0,0.800
Torino,2025,2025-04-23,2,1.000
Torino,2025,2025-04-13,0,1.000
Torino,2025,2025-04-06,1,1.400
Torino,2025,2025-03-31,1,1.600
Torino,2025,2025-03-15,1,1.800
Torino,2025,2025-02-08,1,1.200
Torino,2025,2024-09-20,3,1.600
Torino,2025,2024-08-17,2,1.400
Torino,2025,2024-08-30,1,1.600
Torino,2025,2024-08-25,2,1.800
Torino,2025,2024-09-29,2,1.600
Torino,2025,2024-10-05,2,1.600
Torino,2025,2024-10-20,2,1.800
Torino,2025,2024-10-25,1,2.000
Torino,2025,2024-10-31,0,1.400
Torino,2025,2024-09-15,0,1.000
Torino,2025,2024-12-01,0,0.200
Torino,2025,2025-02-01,1,1.000
Torino,2025,2025-01-24,2,1.200
Torino,2025,2025-01-19,1,0.800
Torino,2025,2025-01-11,1,0.800
Torino,2025,2025-01-05,0,0.600
Torino,2025,2024-12-29,2,0.600
Torino,2025,2024-12-21,0,0.400
Udinese,2025,2025-02-09,1,1.200
Udinese,2025,2025-04-23,0,0.200
Udinese,2025,2024-12-09,2,0.800
Udinese,2025,2024-09-01,1,1.200
Udinese,2025,2025-04-04,0,0.600
Udinese,2025,2025-03-30,1,0.800
Udinese,2025,2025-03-15,0,1.200
Udinese,2025,2025-03-10,1,1.400
Udinese,2025,2025-03-01,1,1.800
Udinese,2025,2025-02-16,3,1.800
Udinese,2025,2025-04-28,0,0.200
Udinese,2025,2025-02-01,3,1.000
Udinese,2025,2025-01-26,1,0.800
Udinese,2025,2025-01-20,1,1.000
Udinese,2025,2025-01-11,0,1.000
Udinese,2025,2024-12-23,2,1.200
Udinese,2025,2024-12-14,1,1.000
Udinese,2025,2025-01-04,0,1.400
Udinese,2025,2024-12-01,0,0.800
Udinese,2025,2024-09-16,3,1.600
Udinese,2025,2025-02-21,1,1.800
Udinese,2025,2024-11-10,1,1.000
Udinese,2025,2024-11-02,0,1.000
Udinese,2025,2024-10-30,2,1.400
Udinese,2025,2024-10-25,2,1.000
Udinese,2025,2024-10-19,0,1.200
Udinese,2025,2024-10-05,1,1.400
Udinese,2025,2024-09-28,2,1.600
Udinese,2025,2024-09-22,0,1.400
Udinese,2025,2024-11-25,1,1.200
Udinese,2025,2024-12-29,2,1.400
Udinese,2025,2025-04-11,0,0.400
Udinese,2025,2024-08-18,1,1.200
Udinese,2025,2024-08-24,2,1.400
Udinese,2025,2025-05-25,2,1.000
Udinese,2025,2025-05-18,0,0.600
Udinese,2025,2025-05-11,1,0.600
Udinese,2025,2025-05-03,2,0.400
Venezia,2025,2025-01-04,1,1.400
Venezia,2025,2025-04-20,2,0.800
Venezia,2025,2025-04-12,1,0.600
Venezia,2025,2025-04-06,1,0.400
Venezia,2025,2025-03-29,0,0.200
Venezia,2025,2025-03-16,0,0.200
Venezia,2025,2025-03-08,1,0.200
Venezia,2025,2025-03-01,0,0.400
Venezia,2025,2025-02-22,0,0.600
Venezia,2025,2025-05-25,2,1.000
Venezia,2025,2025-05-12,2,1.200
Venezia,2025,2025-05-02,1,1.000
Venezia,2025,2025-04-27,0,0.800
Venezia,2025,2024-11-09,1,1.200
Venezia,2025,2025-02-09,0,0.800
Venezia,2025,2025-02-01,2,1.000
Venezia,2025,2025-01-27,1,0.600
Venezia,2025,2025-01-19,1,0.800
Venezia,2025,2025-01-12,0,1.000
Venezia,2025,2024-10-27,2,1.200
Venezia,2025,2024-12-22,2,1.200
Venezia,2025,2024-12-14,2,1.000
Venezia,2025,2024-12-08,2,0.600
Venezia,2025,2024-11-30,0,0.800
Venezia,2025,2024-11-25,0,1.200
Venezia,2025,2025-02-17,0,0.800
Venezia,2025,2025-05-18,0,1.000
Venezia,2025,2024-11-03,0,1.200
Venezia,2025,2024-10-30,3,1.400
Venezia,2025,2024-12-29,0,1.200
Venezia,2025,2024-10-20,0,0.800
Venezia,2025,2024-08-18,1,1.400
Venezia,2025,2024-08-25,0,1.200
Venezia,2025,2024-08-30,0,0.400
Venezia,2025,2024-09-14,0,0.200
Venezia,2025,2024-09-21,2,0.600
Venezia,2025,2024-09-29,1,0.600
Venezia,2025,2024-10-04,1,0.800
